-- phpMyAdmin SQL Dump
-- version 4.1.8
-- http://www.phpmyadmin.net
--
-- Host: localhost
-- Generation Time: 2016-06-14 20:59:00
-- 服务器版本： 5.6.21-log
-- PHP Version: 5.5.7

SET SQL_MODE = "NO_AUTO_VALUE_ON_ZERO";
SET time_zone = "+00:00";


/*!40101 SET @OLD_CHARACTER_SET_CLIENT=@@CHARACTER_SET_CLIENT */;
/*!40101 SET @OLD_CHARACTER_SET_RESULTS=@@CHARACTER_SET_RESULTS */;
/*!40101 SET @OLD_COLLATION_CONNECTION=@@COLLATION_CONNECTION */;
/*!40101 SET NAMES utf8 */;

--
-- Database: `gree_mysql`
--

-- --------------------------------------------------------

--
-- 表的结构 `access`
--

CREATE TABLE IF NOT EXISTS `access` (
  `role_id` smallint(6) unsigned NOT NULL,
  `node_id` smallint(6) unsigned NOT NULL,
  `level` tinyint(1) NOT NULL,
  `module` varchar(50) DEFAULT NULL,
  KEY `groupId` (`role_id`),
  KEY `nodeId` (`node_id`)
) ENGINE=MyISAM DEFAULT CHARSET=utf8;

--
-- 转存表中的数据 `access`
--

INSERT INTO `access` (`role_id`, `node_id`, `level`, `module`) VALUES
(1, 1, 1, NULL),
(1, 2, 2, NULL),
(2, 33, 3, NULL),
(2, 3, 3, NULL),
(2, 2, 2, NULL),
(2, 1, 1, NULL),
(3, 54, 3, NULL),
(3, 52, 2, NULL),
(3, 71, 3, NULL),
(3, 70, 3, NULL),
(3, 68, 2, NULL),
(3, 63, 3, NULL),
(3, 60, 3, NULL),
(3, 59, 2, NULL),
(3, 88, 3, NULL),
(3, 85, 2, NULL),
(3, 107, 3, NULL),
(3, 105, 3, NULL),
(3, 104, 2, NULL),
(3, 103, 3, NULL),
(3, 102, 3, NULL),
(3, 100, 2, NULL),
(3, 35, 3, NULL),
(3, 34, 2, NULL),
(3, 41, 3, NULL),
(3, 40, 3, NULL),
(3, 39, 2, NULL),
(3, 38, 3, NULL),
(3, 37, 3, NULL),
(3, 36, 2, NULL),
(3, 46, 3, NULL),
(3, 45, 2, NULL),
(3, 51, 3, NULL),
(3, 50, 2, NULL),
(3, 49, 3, NULL),
(3, 48, 3, NULL),
(3, 47, 2, NULL),
(3, 66, 3, NULL),
(3, 64, 2, NULL),
(3, 97, 3, NULL),
(3, 94, 3, NULL),
(3, 98, 3, NULL),
(3, 89, 3, NULL),
(3, 82, 3, NULL),
(3, 79, 2, NULL),
(3, 76, 3, NULL),
(3, 74, 3, NULL),
(3, 73, 2, NULL),
(3, 120, 3, NULL),
(3, 21, 3, NULL),
(3, 18, 2, NULL),
(3, 119, 3, NULL),
(3, 17, 3, NULL),
(3, 16, 2, NULL),
(3, 110, 3, NULL),
(3, 108, 3, NULL),
(3, 106, 3, NULL),
(3, 101, 2, NULL),
(3, 99, 3, NULL),
(3, 96, 3, NULL),
(3, 95, 2, NULL),
(3, 93, 3, NULL),
(3, 92, 3, NULL),
(3, 91, 3, NULL),
(3, 87, 2, NULL),
(3, 86, 3, NULL),
(3, 84, 3, NULL),
(3, 83, 3, NULL),
(3, 80, 2, NULL),
(3, 77, 3, NULL),
(3, 72, 3, NULL),
(3, 69, 2, NULL),
(3, 67, 3, NULL),
(3, 65, 3, NULL),
(3, 62, 2, NULL),
(3, 58, 3, NULL),
(3, 55, 3, NULL),
(3, 53, 2, NULL),
(3, 30, 3, NULL),
(3, 29, 3, NULL),
(3, 28, 2, NULL),
(3, 118, 3, NULL),
(3, 117, 3, NULL),
(3, 116, 3, NULL),
(3, 115, 3, NULL),
(3, 114, 3, NULL),
(3, 113, 2, NULL),
(3, 112, 3, NULL),
(3, 111, 3, NULL),
(3, 109, 2, NULL),
(3, 81, 3, NULL),
(3, 78, 3, NULL),
(3, 75, 2, NULL),
(3, 61, 3, NULL),
(3, 57, 3, NULL),
(3, 56, 2, NULL),
(3, 44, 3, NULL),
(3, 43, 3, NULL),
(3, 42, 2, NULL),
(3, 125, 3, NULL),
(3, 124, 3, NULL),
(3, 123, 3, NULL),
(3, 122, 3, NULL),
(3, 121, 2, NULL),
(3, 31, 3, NULL),
(3, 27, 3, NULL),
(3, 26, 3, NULL),
(3, 25, 2, NULL),
(3, 24, 3, NULL),
(3, 23, 3, NULL),
(3, 22, 3, NULL),
(3, 20, 3, NULL),
(3, 19, 2, NULL),
(3, 15, 3, NULL),
(3, 13, 3, NULL),
(3, 12, 3, NULL),
(3, 10, 3, NULL),
(3, 9, 3, NULL),
(3, 7, 3, NULL),
(3, 6, 3, NULL),
(3, 8, 3, NULL),
(3, 4, 2, NULL),
(3, 33, 3, NULL),
(3, 3, 3, NULL),
(3, 2, 2, NULL),
(3, 1, 1, NULL);

-- --------------------------------------------------------

--
-- 表的结构 `install_branch`
--

CREATE TABLE IF NOT EXISTS `install_branch` (
  `branchID` int(16) NOT NULL AUTO_INCREMENT,
  `branchName` varchar(32) NOT NULL,
  `branchAddress` varchar(256) NOT NULL,
  `branchPicName` varchar(16) NOT NULL,
  `branchPicPhone` char(16) NOT NULL,
  `branchCreateDate` datetime NOT NULL,
  `branchType` tinyint(1) unsigned NOT NULL DEFAULT '2',
  PRIMARY KEY (`branchID`)
) ENGINE=InnoDB  DEFAULT CHARSET=utf8 AUTO_INCREMENT=16 ;

--
-- 转存表中的数据 `install_branch`
--

INSERT INTO `install_branch` (`branchID`, `branchName`, `branchAddress`, `branchPicName`, `branchPicPhone`, `branchCreateDate`, `branchType`) VALUES
(1, '金威安装', '蓝澄轩2栋', '大大', '12345678910', '2016-01-23 20:33:40', 2),
(2, '沃尔玛安装', '惠州学院18栋', '小小', '15576245212', '2016-01-25 20:22:37', 2),
(3, '美佳电器', '罗湖区', '谭家林', '13543250540', '2016-03-19 00:00:00', 2),
(4, '中安电器', '福田区、龙岗区', '王安才', '18926003731', '2016-03-21 00:00:00', 2),
(5, '美佳电器', '罗湖区、盐田区', '谭家林', '13543250540', '2016-03-21 00:00:00', 2),
(6, '千嘉顺电器', '福田区', '徐善汛', '13510974259', '2016-03-21 00:00:00', 2),
(7, '全顺电器', '南山区', '卞承平', '13751118307', '2016-03-21 00:00:00', 2),
(8, '佳利鸿机电', '龙华、坂田、观澜', '谭家雄', '15818772285', '2016-03-21 00:00:00', 2),
(9, '环亚家电', '布吉、平湖', '梁东桥', '13714118751', '2016-03-21 00:00:00', 2),
(10, '威业电器', '宝安区、西丽、石岩', '梁俊杰', '13590261690', '2016-03-21 00:00:00', 2),
(11, '宏龙家用电器', '宝安区、龙岗区', '张平', '18925289787', '2016-03-21 00:00:00', 2),
(12, '百进电器', '布吉、坂田、平湖、龙岗', '贺云甲', '13480920097', '2016-03-21 00:00:00', 2),
(13, '鑫鹏诚', '惠城区', '梁卫民', '13928464799', '2016-03-29 00:00:00', 2),
(14, '弘智', '陈江、惠城区', '邓新能', '13422421173', '2016-03-29 00:00:00', 2),
(15, '利源冷气', '淡水、大亚湾区', '李富生', '13802473772', '2016-03-31 00:00:00', 2);

-- --------------------------------------------------------

--
-- 表的结构 `install_infobackup`
--

CREATE TABLE IF NOT EXISTS `install_infobackup` (
  `installID` int(16) NOT NULL AUTO_INCREMENT,
  `installSalesID` int(16) NOT NULL,
  `installTransferSettlement` tinyint(1) DEFAULT NULL,
  `installStatus` varchar(32) NOT NULL,
  `installPersonName` varchar(16) NOT NULL,
  `installPersonPhone` char(16) DEFAULT NULL,
  `installFeedback` varchar(32) DEFAULT NULL,
  `installRemark` varchar(256) DEFAULT NULL,
  `installTransferSettlementDate` datetime DEFAULT NULL,
  `installUserStand` tinyint(1) DEFAULT NULL,
  `installNewSystem` tinyint(1) DEFAULT NULL,
  `installFeedbackRemark` varchar(256) DEFAULT NULL,
  `salesInstallTime` datetime DEFAULT NULL,
  `installDispatchTime` datetime DEFAULT NULL,
  `installEndTime` datetime DEFAULT NULL,
  `installCreateTime` datetime DEFAULT NULL,
  `installBranchID` int(16) DEFAULT NULL,
  PRIMARY KEY (`installID`)
) ENGINE=InnoDB DEFAULT CHARSET=utf8 AUTO_INCREMENT=1 ;

-- --------------------------------------------------------

--
-- 表的结构 `install_information`
--

CREATE TABLE IF NOT EXISTS `install_information` (
  `installID` int(16) NOT NULL AUTO_INCREMENT,
  `installSalesID` int(16) NOT NULL,
  `installTransferSettlement` tinyint(1) DEFAULT NULL,
  `installStatus` varchar(32) NOT NULL DEFAULT '1',
  `installPersonName` varchar(16) DEFAULT NULL,
  `installPersonPhone` char(16) DEFAULT NULL,
  `installFeedback` varchar(32) DEFAULT NULL,
  `installRemark` varchar(256) DEFAULT NULL,
  `installTransferSettlementDate` datetime DEFAULT NULL,
  `installUserStand` tinyint(1) DEFAULT NULL,
  `installNewSystem` tinyint(1) DEFAULT NULL,
  `installFeedbackRemark` varchar(256) DEFAULT NULL,
  `installCreateTime` datetime DEFAULT NULL,
  `installDispatchTime` datetime DEFAULT NULL,
  `installEndTime` datetime DEFAULT NULL,
  `installBranchID` int(16) DEFAULT NULL,
  `status` tinyint(1) unsigned NOT NULL DEFAULT '1',
  PRIMARY KEY (`installID`),
  KEY `installSalesID` (`installSalesID`),
  KEY `installBranchID` (`installBranchID`)
) ENGINE=InnoDB  DEFAULT CHARSET=utf8 AUTO_INCREMENT=151 ;

--
-- 转存表中的数据 `install_information`
--

INSERT INTO `install_information` (`installID`, `installSalesID`, `installTransferSettlement`, `installStatus`, `installPersonName`, `installPersonPhone`, `installFeedback`, `installRemark`, `installTransferSettlementDate`, `installUserStand`, `installNewSystem`, `installFeedbackRemark`, `installCreateTime`, `installDispatchTime`, `installEndTime`, `installBranchID`, `status`) VALUES
(41, 149, 1, '7', '狗狗哥', '15000000000', '1', '', '2016-03-15 00:00:00', 1, 1, '', '0000-00-00 00:00:00', '2016-03-09 21:06:30', '2016-03-17 09:16:39', 1, 1),
(42, 150, NULL, '4', '狗哥', '1432141432', NULL, NULL, NULL, NULL, NULL, NULL, '0000-00-00 00:00:00', '2016-03-09 21:06:35', '2016-01-17 22:06:31', 2, 0),
(43, 151, NULL, '4', '小狗狗', '15000000002', NULL, NULL, NULL, NULL, NULL, NULL, '0000-00-00 00:00:00', '2016-03-09 21:06:30', '2016-01-17 22:06:31', 1, 0),
(44, 152, NULL, '4', '小狗', '343214314', NULL, NULL, NULL, NULL, NULL, NULL, '2016-03-09 21:18:09', '2016-03-09 21:18:57', '2016-01-17 22:06:31', 2, 0),
(45, 153, NULL, '3', NULL, NULL, NULL, NULL, NULL, NULL, NULL, NULL, '2016-03-09 21:39:06', '2016-03-09 21:41:05', '2016-01-17 22:06:31', 1, 0),
(46, 155, NULL, '4', '张三', NULL, NULL, NULL, NULL, NULL, NULL, NULL, '2016-03-11 15:45:17', '2016-03-11 16:57:18', '2016-01-17 22:06:31', 1, 0),
(47, 156, NULL, '3', NULL, NULL, NULL, NULL, NULL, NULL, NULL, NULL, '2016-03-11 15:45:17', '2016-03-11 19:01:36', '2016-01-17 22:06:31', 1, 0),
(48, 157, NULL, '3', NULL, NULL, NULL, NULL, NULL, NULL, NULL, NULL, '2016-03-11 15:45:17', '2016-03-11 19:01:36', '2016-01-17 22:06:31', 1, 0),
(49, 158, NULL, '3', NULL, NULL, NULL, NULL, NULL, NULL, NULL, NULL, '2016-03-11 15:45:17', '2016-03-11 19:01:36', '2016-01-17 22:06:31', 1, 0),
(50, 154, NULL, '2', NULL, NULL, NULL, NULL, NULL, NULL, NULL, NULL, '2016-03-11 15:45:19', '2016-03-17 08:59:53', '2016-01-17 22:06:31', 2, 0),
(51, 159, NULL, '3', NULL, NULL, NULL, NULL, NULL, NULL, NULL, NULL, '2016-03-02 00:00:00', '2016-03-11 19:01:36', '2016-01-17 22:06:31', 1, 0),
(52, 159, NULL, '4', '张三', '12369', NULL, NULL, NULL, NULL, NULL, NULL, '2016-03-02 00:00:00', '2016-03-11 19:01:36', '2016-01-17 22:06:31', 1, 0),
(53, 160, NULL, '3', NULL, NULL, NULL, NULL, NULL, NULL, NULL, NULL, '2016-03-11 00:00:00', '2016-03-11 19:01:36', '2016-01-17 22:06:31', 1, 0),
(54, 160, 1, '7', 'haha', '1255421', '1', '', '2016-03-08 00:00:00', 0, 1, '', '2016-03-11 00:00:00', '2016-03-11 17:45:17', '2016-03-17 09:16:39', 1, 1),
(55, 161, NULL, '3', NULL, NULL, NULL, NULL, NULL, NULL, NULL, NULL, '2016-03-11 00:00:00', '2016-03-11 19:01:36', '2016-01-17 22:06:31', 1, 0),
(56, 162, 1, '7', '43432', '4324', '1', 'rrr', '2016-03-09 00:00:00', 0, 1, '', '2016-03-11 00:00:00', '2016-03-11 18:11:56', '2016-03-17 09:16:39', 1, 1),
(57, 163, NULL, '4', '李四', '99654', NULL, NULL, NULL, NULL, NULL, NULL, '2016-03-02 00:00:00', '2016-03-17 08:59:43', '2016-01-17 22:06:31', 1, 0),
(58, 164, NULL, '3', NULL, NULL, NULL, NULL, NULL, NULL, NULL, NULL, '2016-03-04 00:00:00', '2016-03-17 08:59:43', '2016-01-17 22:06:31', 1, 0),
(59, 165, NULL, '2', NULL, NULL, NULL, NULL, NULL, NULL, NULL, NULL, '2016-03-01 00:00:00', '2016-03-17 08:59:53', '2016-01-17 22:06:31', 2, 0),
(60, 166, NULL, '2', NULL, NULL, NULL, NULL, NULL, NULL, NULL, NULL, '2016-03-31 00:00:00', '2016-03-17 08:59:53', '2016-01-17 22:06:31', 2, 0),
(61, 167, NULL, '1', NULL, NULL, NULL, NULL, NULL, NULL, NULL, NULL, '2016-03-16 00:00:00', '2016-01-10 22:06:31', '2016-01-17 22:06:31', NULL, 0),
(62, 168, NULL, '1', NULL, NULL, NULL, NULL, NULL, NULL, NULL, NULL, '2016-03-16 00:00:00', '2016-01-10 22:06:31', '2016-01-17 22:06:31', NULL, 0),
(63, 169, NULL, '2', NULL, NULL, NULL, NULL, NULL, NULL, NULL, NULL, '2016-03-16 00:00:00', '2016-03-17 10:36:49', '2016-01-17 22:06:31', 2, 0),
(64, 170, NULL, '2', NULL, NULL, NULL, NULL, NULL, NULL, NULL, NULL, '2016-03-16 00:00:00', '2016-03-17 10:36:49', '2016-01-17 22:06:31', 2, 0),
(65, 172, 1, '7', '小四', '124', '1', '', '2016-03-19 00:00:00', 1, 1, '', '2016-03-18 09:53:34', '2016-03-18 10:12:38', '2016-03-18 10:42:43', 2, 1),
(66, 173, 1, '7', '小四', '124', '1', '', '2016-03-19 00:00:00', 1, 1, '', '2016-03-18 09:53:34', '2016-03-18 10:12:38', '2016-03-18 10:42:43', 2, 1),
(67, 176, 1, '7', '小五', '125', '1', '', '2016-03-19 00:00:00', 1, 1, '', '2016-03-18 10:02:55', '2016-03-18 10:12:38', '2016-03-18 10:42:43', 2, 1),
(68, 177, 1, '7', '小五', '125', '1', '', '2016-03-19 00:00:00', 1, 1, '', '2016-03-18 10:05:28', '2016-03-18 10:12:38', '2016-03-18 10:42:43', 2, 1),
(69, 178, 1, '7', '小四', NULL, '1', '', '2016-03-19 00:00:00', 1, 1, '', '2016-03-18 10:07:53', '2016-03-18 10:14:00', '2016-03-18 10:58:46', 1, 1),
(70, 179, 1, '7', '小美', '123', '1', '', '2016-03-19 00:00:00', 1, 1, '', '2016-03-18 10:09:49', '2016-03-18 10:14:00', '2016-03-18 10:35:26', 1, 1),
(71, 180, 1, '7', '小美', '123', '1', '', '2016-03-19 00:00:00', 1, 1, '', '2016-03-18 10:11:06', '2016-03-18 10:14:00', '2016-03-18 10:35:26', 1, 1),
(72, 181, 1, '7', '小六', '126', '1', '', '2016-03-19 00:00:00', 1, 1, '', '2016-03-18 10:30:25', '2016-03-18 10:53:54', '2016-03-18 10:58:46', 1, 1),
(73, 182, 1, '7', '小六', '126', '1', '', '2016-03-19 00:00:00', 1, 1, '', '2016-03-18 10:30:25', '2016-03-18 10:53:54', '2016-03-18 10:58:46', 1, 1),
(74, 183, NULL, '2', NULL, NULL, NULL, NULL, NULL, NULL, NULL, NULL, '2016-03-18 13:43:47', '2016-03-18 13:59:27', '2016-01-17 22:06:31', 1, 0),
(75, 184, NULL, '2', NULL, NULL, NULL, NULL, NULL, NULL, NULL, NULL, '2016-03-18 13:48:53', '2016-03-18 13:59:27', '2016-01-17 22:06:31', 1, 0),
(76, 185, 1, '6', '小二', '222', '1', '', '2016-03-18 00:00:00', 0, 1, '', '2016-03-18 13:48:53', '2016-03-18 13:59:27', '2016-01-17 22:06:31', 1, 0),
(77, 185, 1, '6', '小二', '222', '请示改派', '', '2016-03-18 00:00:00', 0, 1, '', '2016-03-18 13:48:53', '2016-03-18 13:59:27', '2016-01-17 22:06:31', 1, 0),
(78, 187, 1, '6', '小二', '222', '1', '', '2016-03-18 00:00:00', 0, 1, '', '2016-03-18 13:48:53', '2016-03-18 13:59:27', '2016-01-17 22:06:31', 1, 0),
(79, 188, 1, '6', '小二', '222', '1', '', '2016-03-18 00:00:00', 0, 1, '', '2016-03-18 13:48:53', '2016-03-18 13:59:27', '2016-01-17 22:06:31', 1, 0),
(80, 197, 1, '7', '张三', '20161319', '1', '', '2016-03-01 00:00:00', 1, 1, '', '2016-03-19 10:29:52', '2016-03-19 14:01:51', '2016-03-19 15:11:29', 3, 1),
(81, 198, NULL, '2', NULL, NULL, NULL, NULL, NULL, NULL, NULL, NULL, '2016-03-19 00:00:00', '2016-03-20 12:14:15', '2016-01-17 22:06:31', 1, 0),
(82, 199, NULL, '1', NULL, NULL, NULL, NULL, NULL, NULL, NULL, NULL, '2016-03-19 00:00:00', '2016-01-10 22:06:31', '2016-01-17 22:06:31', NULL, 0),
(83, 171, NULL, '1', NULL, NULL, NULL, NULL, NULL, NULL, NULL, NULL, '2016-03-19 20:41:08', '2016-01-10 22:06:31', '2016-01-17 22:06:31', NULL, 0),
(84, 200, NULL, '1', NULL, NULL, NULL, NULL, NULL, NULL, NULL, NULL, '2016-03-19 20:41:08', '2016-01-10 22:06:31', '2016-01-17 22:06:31', NULL, 0),
(85, 201, NULL, '1', NULL, NULL, NULL, NULL, NULL, NULL, NULL, NULL, '2016-03-19 20:41:08', '2016-01-10 22:06:31', '2016-01-17 22:06:31', NULL, 0),
(86, 202, 1, '7', '王安才', '18926003731', '1', '', '2016-03-21 00:00:00', 1, 1, '', '2016-03-21 14:04:20', '2016-03-21 15:24:04', '2016-03-21 16:40:46', 4, 1),
(87, 203, 1, '7', '张三', '123456', '1', '', '2016-03-21 00:00:00', 0, 1, '', '2016-03-21 14:04:20', '2016-03-21 15:22:34', '2016-03-21 16:40:46', 12, 1),
(88, 204, 1, '7', '张三', '123456', '1', '', '2016-03-21 00:00:00', 0, 1, '', '2016-03-21 14:04:20', '2016-03-21 15:22:34', '2016-03-21 16:40:46', 12, 1),
(89, 205, 1, '7', '张三', '123456', '1', '', '2016-03-24 00:00:00', 1, 1, '', '2016-03-21 14:16:37', '2016-03-21 15:23:00', '2016-03-21 16:40:46', 10, 1),
(90, 206, 1, '7', '张三', '123456', '1', '', '2016-03-25 00:00:00', 1, 1, '', '2016-03-21 14:16:37', '2016-03-21 15:23:00', '2016-03-21 16:40:46', 10, 1),
(91, 207, 1, '7', '王安才', '18926003731', '1', '', '2016-03-21 00:00:00', 0, 1, '', '2016-03-21 14:16:37', '2016-03-21 15:24:04', '2016-03-21 16:40:46', 4, 1),
(92, 208, 1, '7', '王安才', '18926003731', '1', '', '2016-03-21 00:00:00', 1, 1, '', '2016-03-21 14:16:37', '2016-03-21 15:24:04', '2016-03-21 16:40:46', 4, 1),
(93, 209, 1, '7', '王五', '123456', '1', '', '2016-03-21 00:00:00', 0, 1, '', '2016-03-21 14:21:01', '2016-03-21 15:24:04', '2016-03-21 16:40:46', 4, 1),
(94, 210, 1, '7', '王五', '123456', '1', '', '2016-03-21 00:00:00', 1, 1, '', '2016-03-21 14:21:01', '2016-03-21 15:24:04', '2016-03-21 16:40:46', 4, 1),
(95, 211, 1, '7', '李四', '654321', '1', '', '2016-03-24 00:00:00', 1, 1, '', '2016-03-21 14:21:01', '2016-03-21 15:23:00', '2016-03-21 16:40:52', 10, 1),
(96, 212, 1, '7', '李四', '654321', '1', '', '2016-03-24 00:00:00', 1, 1, '', '2016-03-21 14:21:01', '2016-03-21 15:22:09', '2016-03-21 16:40:46', 10, 1),
(97, 213, 1, '7', '李四', '654321', '1', '', '2016-03-21 00:00:00', 0, 1, '', '2016-03-21 14:28:01', '2016-03-21 15:23:41', '2016-03-21 16:40:52', 12, 1),
(98, 214, 1, '7', '李四', '654321', '1', '', '2016-03-21 00:00:00', 1, 1, '', '2016-03-21 14:28:01', '2016-03-21 15:23:41', '2016-03-21 16:40:52', 12, 1),
(99, 215, 1, '7', '李四', '654321', '1', '', '2016-03-25 00:00:00', 1, 1, '', '2016-03-21 14:28:01', '2016-03-21 15:22:09', '2016-03-21 16:40:52', 10, 1),
(100, 216, 1, '7', '张三', '123456', '1', '', '2016-03-25 00:00:00', 1, 1, '', '2016-03-21 14:28:01', '2016-03-21 15:22:09', '2016-03-21 16:40:52', 10, 1),
(101, 217, 1, '7', '张三', '123456', '1', '', '2016-03-24 00:00:00', 1, 1, '', '2016-03-21 14:28:01', '2016-03-21 15:22:09', '2016-03-21 16:40:52', 10, 1),
(102, 218, 1, '7', '王五', '456789', '1', '', '2016-03-21 00:00:00', 1, 1, '', '2016-03-21 14:30:07', '2016-03-21 15:23:41', '2016-03-21 16:40:52', 12, 1),
(103, 219, NULL, '2', NULL, NULL, NULL, NULL, NULL, NULL, NULL, NULL, '2016-03-21 14:30:07', '2016-03-21 15:23:41', '2016-01-17 22:06:31', 5, 1),
(104, 220, 1, '7', '王五', '123456', '1', '', '2016-03-21 00:00:00', 0, 1, '', '2016-03-21 14:30:07', '2016-03-21 15:24:04', '2016-03-21 16:40:52', 4, 1),
(105, 221, 1, '7', '王五', '123456', '1', '', '2016-03-21 00:00:00', 0, 1, '', '2016-03-21 15:41:49', '2016-03-21 15:48:17', '2016-03-21 16:40:52', 4, 1),
(106, 225, 1, '5', '张三', '123456', '1', '', '2016-03-21 00:00:00', 1, 1, '', '2016-03-21 16:34:04', '2016-03-21 17:17:59', '2016-01-17 22:06:31', 9, 1),
(107, 226, NULL, '4', '111', '55', NULL, NULL, NULL, NULL, NULL, NULL, '2016-03-21 16:35:35', '2016-03-21 17:17:41', '2016-01-17 22:06:31', 10, 1),
(108, 227, NULL, '4', '333', '666', NULL, NULL, NULL, NULL, NULL, NULL, '2016-03-21 16:35:35', '2016-03-21 17:17:41', '2016-01-17 22:06:31', 10, 1),
(109, 223, NULL, '4', '陆三', '12365', NULL, NULL, NULL, NULL, NULL, NULL, '2016-03-21 16:37:33', '2016-03-21 17:18:33', '2016-01-17 22:06:31', 8, 1),
(110, 224, NULL, '4', '陈四', NULL, NULL, NULL, NULL, NULL, NULL, NULL, '2016-03-21 16:37:33', '2016-03-21 17:18:33', '2016-01-17 22:06:31', 8, 1),
(111, 222, NULL, '2', NULL, NULL, NULL, NULL, NULL, NULL, NULL, NULL, '2016-03-21 16:39:02', '2016-03-21 17:18:48', '2016-01-17 22:06:31', 5, 1),
(112, 228, 1, '5', '张三', '123456', '1', '', '2016-03-21 00:00:00', 0, 1, '', '2016-03-21 16:41:39', '2016-03-21 17:17:59', '2016-01-17 22:06:31', 9, 1),
(113, 229, 1, '7', '张三', '110', '1', '', '2016-04-26 00:00:00', 1, 1, '', '2016-03-23 14:30:08', '2016-03-23 14:34:16', '2016-04-26 20:34:03', 3, 1),
(114, 230, 1, '7', '李四', '225', '1', '', '2016-03-17 00:00:00', 1, 1, '', '2016-03-23 14:30:08', '2016-03-23 14:34:16', '2016-04-26 20:34:03', 3, 1),
(115, 231, 1, '7', '丘永盛', '15989562328', '1', '2016-3-29交卡', '2016-03-29 00:00:00', 1, 1, '', '2016-03-29 11:44:17', '2016-03-29 11:51:00', '2016-03-29 15:16:43', 13, 1),
(116, 232, 1, '7', '丘永盛', '15989562328', '1', '2016-3-29', '2016-03-29 00:00:00', 1, 1, '', '2016-03-29 11:44:17', '2016-03-29 11:51:00', '2016-03-29 15:47:13', 13, 1),
(118, 233, 0, '6', '邓新能', '15976142085', '1', '', NULL, 1, 0, '', '2016-03-29 14:37:44', '2016-03-29 14:38:22', '2016-01-17 22:06:31', 14, 1),
(121, 234, NULL, '4', '邓新能', NULL, NULL, NULL, NULL, NULL, NULL, NULL, '2016-03-31 10:45:34', '2016-03-31 15:02:35', '2016-01-17 22:06:31', 14, 1),
(122, 236, 1, '7', 'aaaaaaaa', '1111111111', '1', '', '2016-04-27 00:00:00', 1, 1, '', '2016-03-31 10:46:12', '2016-04-26 18:39:54', '2016-04-26 20:34:03', 3, 1),
(123, 237, 1, '10', 'bbbbbbbbbbb', '22222222222', '4', '', '2016-04-26 00:00:00', 1, 1, '423432r324', '2016-03-31 10:47:38', '2016-04-26 18:39:54', '2016-01-17 22:06:31', 3, 1),
(124, 238, 1, '5', 'cccccccccccc', '333333333333', '1', '', '2016-04-06 00:00:00', 0, 1, '', '2016-03-31 10:47:38', '2016-04-26 18:39:54', '2016-01-17 22:06:31', 3, 1),
(125, 239, NULL, '4', '测试人员修改234', '222222222111144', NULL, NULL, NULL, NULL, NULL, NULL, '2016-03-31 11:15:41', '2016-04-26 18:39:54', '2016-01-17 22:06:31', 3, 1),
(126, 240, NULL, '3', NULL, NULL, NULL, NULL, NULL, NULL, NULL, NULL, '2016-03-31 11:15:41', '2016-04-26 18:39:54', '2016-01-17 22:06:31', 3, 1),
(127, 242, NULL, '2', NULL, NULL, NULL, NULL, NULL, NULL, NULL, NULL, '2016-03-31 11:15:41', '2016-05-03 00:33:14', '2016-01-17 22:06:31', 1, 1),
(128, 243, NULL, '2', NULL, NULL, NULL, NULL, NULL, NULL, NULL, NULL, '2016-03-31 11:15:41', '2016-05-03 00:33:14', '2016-01-17 22:06:31', 1, 1),
(129, 244, NULL, '2', NULL, NULL, NULL, NULL, NULL, NULL, NULL, NULL, '2016-03-31 11:15:41', '2016-05-03 00:33:14', '2016-01-17 22:06:31', 1, 1),
(130, 246, NULL, '1', NULL, NULL, NULL, NULL, NULL, NULL, NULL, NULL, '2016-04-03 11:11:26', '2016-01-10 22:06:31', '2016-01-17 22:06:31', NULL, 1),
(131, 247, NULL, '1', NULL, NULL, NULL, NULL, NULL, NULL, NULL, NULL, '2016-04-07 16:12:31', '2016-01-10 22:06:31', '2016-01-17 22:06:31', NULL, 1),
(132, 247, NULL, '2', NULL, NULL, NULL, NULL, NULL, NULL, NULL, NULL, '2016-04-07 16:12:33', '2016-05-03 00:30:32', '2016-01-17 22:06:31', 5, 1),
(134, 250, NULL, '2', NULL, NULL, NULL, NULL, NULL, NULL, NULL, NULL, '2016-04-26 00:00:00', '2016-05-03 00:26:12', '2016-01-17 22:06:31', 5, 1),
(135, 249, NULL, '2', NULL, NULL, NULL, NULL, NULL, NULL, NULL, NULL, '2016-04-26 18:25:38', '2016-05-03 00:32:54', '2016-01-17 22:06:31', 1, 1),
(136, 251, NULL, '2', NULL, NULL, NULL, NULL, NULL, NULL, NULL, NULL, '2016-04-26 18:25:38', '2016-05-03 00:26:12', '2016-01-17 22:06:31', 5, 1),
(137, 252, 1, '5', '拉拉', '22', '1', '', '2016-04-17 00:00:00', 0, 1, '', '2016-04-30 18:51:12', '2016-04-30 18:52:05', '2016-01-17 22:06:31', 3, 1),
(138, 253, 1, '5', '哦哦', '11', '1', '', '2016-04-16 00:00:00', 0, 1, '', '2016-04-30 18:51:12', '2016-04-30 18:52:05', '2016-01-17 22:06:31', 3, 1),
(139, 254, NULL, '2', NULL, NULL, NULL, NULL, NULL, NULL, NULL, NULL, '2016-05-02 00:00:00', '2016-05-03 00:06:40', '2016-01-17 22:06:31', 1, 0),
(140, 255, NULL, '2', NULL, NULL, NULL, NULL, NULL, NULL, NULL, NULL, '2016-05-03 00:00:00', '2016-05-03 00:22:05', NULL, 1, 1),
(141, 256, NULL, '2', NULL, NULL, NULL, NULL, NULL, NULL, NULL, NULL, '2016-05-03 00:00:00', '2016-05-03 00:26:12', NULL, 5, 1),
(142, 257, NULL, '2', NULL, NULL, NULL, NULL, NULL, NULL, NULL, NULL, '2016-05-03 00:00:00', '2016-05-03 00:33:57', NULL, 1, 1),
(143, 258, NULL, '1', NULL, NULL, NULL, NULL, NULL, NULL, NULL, NULL, '2016-05-14 14:23:33', NULL, NULL, NULL, 1),
(144, 259, NULL, '1', NULL, NULL, NULL, NULL, NULL, NULL, NULL, NULL, '2016-05-14 14:23:33', NULL, NULL, NULL, 1),
(145, 260, NULL, '1', NULL, NULL, NULL, NULL, NULL, NULL, NULL, NULL, '2016-05-14 14:30:17', NULL, NULL, NULL, 1),
(146, 261, NULL, '1', NULL, NULL, NULL, NULL, NULL, NULL, NULL, NULL, '2016-05-14 14:38:29', NULL, NULL, NULL, 1),
(147, 262, NULL, '1', NULL, NULL, NULL, NULL, NULL, NULL, NULL, NULL, '2016-05-14 14:38:29', NULL, NULL, NULL, 1),
(148, 263, NULL, '1', NULL, NULL, NULL, NULL, NULL, NULL, NULL, NULL, '2016-05-14 15:03:53', NULL, NULL, NULL, 1),
(149, 264, NULL, '1', NULL, NULL, NULL, NULL, NULL, NULL, NULL, NULL, '2016-05-14 15:03:53', NULL, NULL, NULL, 1),
(150, 265, NULL, '1', NULL, NULL, NULL, NULL, NULL, NULL, NULL, NULL, '2016-06-07 21:10:40', NULL, NULL, NULL, 1);

-- --------------------------------------------------------

--
-- 表的结构 `node`
--

CREATE TABLE IF NOT EXISTS `node` (
  `id` smallint(6) unsigned NOT NULL AUTO_INCREMENT,
  `name` varchar(20) NOT NULL,
  `title` varchar(50) DEFAULT NULL,
  `status` tinyint(1) DEFAULT '0',
  `remark` varchar(255) DEFAULT NULL,
  `sort` smallint(6) unsigned DEFAULT NULL,
  `pid` smallint(6) unsigned NOT NULL,
  `level` tinyint(1) unsigned NOT NULL,
  PRIMARY KEY (`id`),
  KEY `level` (`level`),
  KEY `pid` (`pid`),
  KEY `status` (`status`),
  KEY `name` (`name`)
) ENGINE=MyISAM  DEFAULT CHARSET=utf8 AUTO_INCREMENT=126 ;

--
-- 转存表中的数据 `node`
--

INSERT INTO `node` (`id`, `name`, `title`, `status`, `remark`, `sort`, `pid`, `level`) VALUES
(3, 'Index', '首页视图', 1, NULL, 1, 2, 3),
(2, 'SalesToInstall', '安装待派工', 1, NULL, 1, 1, 2),
(1, 'Admin', '后台', 1, NULL, 1, 0, 1),
(4, 'Operation', '用户管理', 1, NULL, 1, 1, 2),
(8, 'create', '添加用户', 1, NULL, 1, 4, 3),
(6, 'index', '首页视图', 1, NULL, 1, 4, 3),
(7, 'create_add', '添加用户视图', 1, NULL, 1, 4, 3),
(9, 'delete', '删除用户', 1, NULL, 1, 4, 3),
(10, 'update', '更新用户视图', 1, NULL, 1, 4, 3),
(12, 'read', '查看用户', 1, NULL, 1, 4, 3),
(13, 'save', '保存用户', 1, NULL, 1, 4, 3),
(15, 'search', '查询用户', 1, NULL, 1, 4, 3),
(16, 'BranchInput', '网点新增', 1, NULL, 11, 1, 2),
(17, 'add', '新增', 1, NULL, 1, 16, 3),
(18, 'BranchInquiries', '网点查询', 1, NULL, 12, 1, 2),
(19, 'CheckPassword', '修改密码', 1, NULL, 1, 1, 2),
(20, 'index', '首页视图', 1, NULL, 1, 19, 3),
(21, 'add', '查询', 1, NULL, 1, 18, 3),
(22, 'check_user', '检查用户', 1, NULL, 1, 19, 3),
(23, 'check', '修改该账号密码', 1, NULL, 1, 19, 3),
(24, 'check_boss', '修改用户密码', 1, NULL, 1, 19, 3),
(25, 'BranchModify', '销售网点修改', 1, NULL, 1, 1, 2),
(26, 'index', '视图', 1, NULL, 1, 25, 3),
(27, 'update', '修改', 1, NULL, 1, 25, 3),
(28, 'Receive', '未接安装工单', 1, NULL, 2, 1, 2),
(29, 'index', '首页视图', 1, NULL, 1, 28, 3),
(30, 'editHandle', '编辑', 1, NULL, 1, 28, 3),
(31, 'save', '保存修改', 1, NULL, 1, 25, 3),
(121, 'Report', '导出报表', 1, NULL, 1, 1, 2),
(33, 'handle', '指派网点', 1, NULL, 1, 2, 3),
(34, 'CategoriesDetails', '小类汇总', 1, NULL, 21, 1, 2),
(35, 'index', '视图', 1, NULL, 1, 34, 3),
(36, 'CategoriesInput', '小类新增', 1, NULL, 19, 1, 2),
(37, 'index', '视图', 1, NULL, 1, 36, 3),
(38, 'add', '新增', 1, NULL, 1, 36, 3),
(39, 'CategoriesInquiries', '小类查询', 1, NULL, 20, 1, 2),
(40, 'index', '视图', 1, NULL, 1, 39, 3),
(41, 'add', '查询', 1, NULL, 1, 39, 3),
(42, 'CategoriesModify', '小类修改', 1, NULL, 1, 1, 2),
(43, 'update', '修改', 1, NULL, 1, 42, 3),
(44, 'save', '保存修改', 1, NULL, 1, 42, 3),
(45, 'CategoryDetails', '品类汇总', 1, NULL, 18, 1, 2),
(46, 'index', '视图', 1, NULL, 1, 45, 3),
(47, 'CategoryInput', '品类新增', 1, NULL, 16, 1, 2),
(48, 'index', '视图', 1, NULL, 1, 47, 3),
(49, 'add', '新增', 1, NULL, 1, 47, 3),
(50, 'CategoryInquiries', '品类查询', 1, NULL, 17, 1, 2),
(51, 'add', '查询', 1, NULL, 1, 50, 3),
(52, 'ModelDetails', '型号汇总', 1, NULL, 27, 1, 2),
(53, 'Dispatch', '已接未派工', 1, NULL, 3, 1, 2),
(54, 'index', '视图', 1, NULL, 1, 52, 3),
(55, 'index', '首页视图', 1, NULL, 1, 53, 3),
(56, 'CategoryModify', '品类修改', 1, NULL, 1, 1, 2),
(57, 'update', '修改', 1, NULL, 1, 56, 3),
(58, 'editHandle', '编辑', 1, NULL, 1, 53, 3),
(59, 'ModelInput', '型号新增', 1, NULL, 25, 1, 2),
(60, 'index', '视图', 1, NULL, 1, 59, 3),
(61, 'save', '保存修改', 1, NULL, 1, 56, 3),
(62, 'NoInstall', '已派工未安装', 1, NULL, 4, 1, 2),
(63, 'add', '新增', 1, NULL, 1, 59, 3),
(64, 'SalesDetails', '销售单汇总', 1, NULL, 15, 1, 2),
(65, 'index', '首页视图', 1, NULL, 1, 62, 3),
(66, 'index', '视图', 1, NULL, 1, 64, 3),
(67, 'editHandle', '编辑', 1, NULL, 1, 62, 3),
(68, 'ModelInquiries', '型号查询', 1, NULL, 26, 1, 2),
(69, 'Pending', '待审批改派', 1, NULL, 5, 1, 2),
(70, 'index', '视图', 1, NULL, 1, 68, 3),
(71, 'add', '查询', 1, NULL, 1, 68, 3),
(72, 'index', '首页视图', 1, NULL, 1, 69, 3),
(73, 'SalesInput', '销售单新增', 1, NULL, 13, 1, 2),
(74, 'index', '视图', 1, NULL, 1, 73, 3),
(75, 'ModelModify', '型号修改', 1, NULL, 1, 1, 2),
(76, 'add', '新增', 1, NULL, 1, 73, 3),
(77, 'PendingShow', '改派', 1, NULL, 1, 69, 3),
(78, 'update', '视图', 1, NULL, 1, 75, 3),
(79, 'SalesInquiries', '销售单查询', 1, NULL, 14, 1, 2),
(80, 'InstallSucc', '安装报完工', 1, NULL, 6, 1, 2),
(81, 'save', '修改保存', 1, NULL, 1, 75, 3),
(82, 'index', '视图', 1, NULL, 1, 79, 3),
(83, 'index', '首页视图', 1, NULL, 1, 80, 3),
(84, 'editHandle', '编辑', 1, NULL, 1, 80, 3),
(85, 'SeriesDetails', '系列汇总', 1, NULL, 24, 1, 2),
(86, 'InstallSuccHandle', '审核', 1, NULL, 1, 80, 3),
(87, 'NoClose', '待关闭', 1, NULL, 7, 1, 2),
(88, 'index', '视图', 1, NULL, 1, 85, 3),
(89, 'add', '查询', 1, NULL, 1, 79, 3),
(98, 'delete', '删除', 1, NULL, 1, 79, 3),
(91, 'index', '首页视图', 1, NULL, 1, 87, 3),
(92, 'editHandle', '编辑', 1, NULL, 1, 87, 3),
(93, 'NoCloseHandle', '关闭', 1, NULL, 1, 87, 3),
(94, 'update', '修改', 1, NULL, 1, 79, 3),
(95, 'Close', '已关闭', 1, NULL, 8, 1, 2),
(96, 'index', '首页视图', 1, NULL, 1, 95, 3),
(97, 'save', '保存修改', 1, NULL, 1, 79, 3),
(99, 'editHandle', '编辑', 1, NULL, 1, 95, 3),
(100, 'SeriesInput', '系列新增', 1, NULL, 22, 1, 2),
(101, 'Query', '安装工单查询', 1, NULL, 9, 1, 2),
(102, 'index', '视图', 1, NULL, 1, 100, 3),
(103, 'add', '新增', 1, NULL, 1, 100, 3),
(104, 'SeriesInquiries', '系列查询', 1, NULL, 23, 1, 2),
(105, 'index', '视图', 1, NULL, 1, 104, 3),
(106, 'index', '首页视图', 1, NULL, 1, 101, 3),
(107, 'add', '查询', 1, NULL, 1, 104, 3),
(108, 'queryHandle', '查询', 1, NULL, 1, 101, 3),
(109, 'SeriesModify', '系列修改', 1, NULL, 1, 1, 2),
(110, 'editHandle', '编辑', 1, NULL, 1, 101, 3),
(111, 'update', '视图', 1, NULL, 1, 109, 3),
(112, 'save', '修改', 1, NULL, 1, 109, 3),
(113, 'Rbac', '权限管理', 1, NULL, 1, 1, 2),
(114, 'role', '角色列表', 1, NULL, 1, 113, 3),
(115, 'addRole', '添加角色', 1, NULL, 1, 113, 3),
(116, 'addRoleHandle', '添加角色处理', 1, NULL, 1, 113, 3),
(117, 'access', '配置权限', 1, NULL, 1, 113, 3),
(118, 'setAccess', '配置权限处理', 1, NULL, 1, 113, 3),
(119, 'index', '视图', 1, NULL, 1, 16, 3),
(120, 'index', '视图', 1, NULL, 1, 18, 3),
(122, 'index', '安装导出视图', 1, NULL, 1, 121, 3),
(123, 'handle', '安装报表导出', 1, NULL, 1, 121, 3),
(124, 'report', '销售导出视图', 1, NULL, 1, 121, 3),
(125, 'expUser1', '销售报表导出', 1, NULL, 1, 121, 3);

-- --------------------------------------------------------

--
-- 表的结构 `product`
--

CREATE TABLE IF NOT EXISTS `product` (
  `id` int(16) NOT NULL AUTO_INCREMENT,
  `pid` int(16) NOT NULL,
  `name` varchar(32) NOT NULL,
  `categoryID` tinyint(1) unsigned NOT NULL DEFAULT '1',
  PRIMARY KEY (`id`)
) ENGINE=InnoDB  DEFAULT CHARSET=utf8 AUTO_INCREMENT=53 ;

--
-- 转存表中的数据 `product`
--

INSERT INTO `product` (`id`, `pid`, `name`, `categoryID`) VALUES
(1, 0, '空调', 1),
(2, 1, '定频挂机', 2),
(3, 2, '爽', 3),
(4, 3, 'xx01', 4),
(5, 0, '热水器', 1),
(6, 5, '制热', 2),
(7, 6, '火火火', 3),
(8, 7, 'hhh02', 4),
(9, 3, '666', 4),
(10, 0, '冰箱', 1),
(11, 10, '520', 2),
(12, 11, '冷冷', 3),
(13, 12, '130', 4),
(14, 2, '23392', 3),
(15, 2, 'Q力系列3', 3),
(16, 15, '23370Ga-3', 4),
(17, 15, '26370Ga-3', 4),
(18, 1, '变频挂机', 2),
(19, 18, '冷静王系列2', 3),
(20, 19, '23592NhAa-3', 4),
(21, 19, '26592NhAa-3', 4),
(22, 18, '冷静王系列3', 3),
(23, 18, 'U尊', 3),
(24, 23, '50556Ba-3', 4),
(25, 23, '72556Ba-3', 4),
(29, 1, '定频柜机', 2),
(30, 1, '变频柜机', 2),
(31, 2, 'Q畅系列3', 3),
(33, 18, 'U雅系列3', 3),
(34, 29, 'T悦系列3', 3),
(35, 18, '品悦系列3', 3),
(36, 18, '润典系列3', 3),
(37, 2, '绿满园系列3', 3),
(38, 31, 'KFR-23GW(23570)Ga-3', 4),
(39, 31, 'KFR-26GW(26570)Ga-3', 4),
(40, 31, 'KFR-35GW/(35570)Ga-3', 4),
(41, 31, 'KF-23GW/(23370)Ga-3', 4),
(42, 31, 'KF-26GW/(26370)Ga-3', 4),
(43, 31, 'KF-35GW/(35370)Aa-3', 4),
(45, 33, 'KFR-50GW/(50551)FNCa-A3', 4),
(46, 34, 'KF-50LW/(50333)NhAa-3', 4),
(47, 34, 'KF-72LW(72333)NhAa-3', 4),
(48, 35, 'KFR-26GW/(26592)FNhAa-A3', 4),
(49, 35, 'KFR-35GW/(35592)FNhAa-A3', 4),
(50, 36, 'KFR-26GW/(26595)FNCa-A1', 4),
(51, 36, 'KFR-35GW/(35595)FNCa-A1', 4),
(52, 37, 'KF-50GW/(50356)Ba-3', 4);

-- --------------------------------------------------------

--
-- 表的结构 `product_m`
--

CREATE TABLE IF NOT EXISTS `product_m` (
  `modelID` int(16) NOT NULL AUTO_INCREMENT,
  `pid` int(16) NOT NULL,
  `modelName` varchar(128) NOT NULL,
  `price` int(32) NOT NULL,
  `salesCommission` varchar(32) NOT NULL,
  `installCommission` varchar(32) NOT NULL,
  PRIMARY KEY (`modelID`)
) ENGINE=InnoDB  DEFAULT CHARSET=utf8 AUTO_INCREMENT=34 ;

--
-- 转存表中的数据 `product_m`
--

INSERT INTO `product_m` (`modelID`, `pid`, `modelName`, `price`, `salesCommission`, `installCommission`) VALUES
(7, 4, 'xx01', 1000, '100', '50'),
(8, 8, 'hhh02', 2000, '100', '50'),
(9, 9, '666', 666, '666', '666'),
(10, 13, '130', 2500, '100', '50'),
(11, 16, '23370Ga-3', 1500, '30', '50'),
(12, 17, '26370Ga-3', 1750, '30', '50'),
(13, 20, '23592NhAa-3', 1580, '35', '55'),
(14, 21, '26592NhAa-3', 1800, '35', '55'),
(15, 24, '50556Ba-3', 3800, '100', '100'),
(16, 25, '72556Ba-3', 4900, '100', '100'),
(18, 17, '26370Ga-3', 1750, '35', '35'),
(20, 38, 'KFR-23GW(23570)Ga-3', 1999, '30', '105'),
(21, 39, 'KFR-26GW(26570)Ga-3', 2199, '30', '105'),
(22, 40, 'KFR-35GW/(35570)Ga-3', 2599, '35', '105'),
(23, 41, 'KF-23GW/(23370)Ga-3', 1799, '30', '105'),
(24, 42, 'KF-26GW/(26370)Ga-3', 1999, '30', '105'),
(25, 43, 'KF-35GW/(35370)Aa-3', 2399, '30', '105'),
(26, 45, 'KFR-50GW/(50551)FNCa-A3', 6500, '100', '135'),
(27, 46, 'KF-50LW/(50333)NhAa-3', 4800, '60', '135'),
(28, 47, 'KF-72LW(72333)NhAa-3', 5800, '60', '185'),
(29, 48, 'KFR-26GW/(26592)FNhAa-A3', 2790, '60', '125'),
(30, 49, 'KFR-35GW/(35592)FNhAa-A3', 3190, '60', '125'),
(31, 50, 'KFR-26GW/(26595)FNCa-A1', 4590, '100', '125'),
(32, 51, 'KFR-35GW/(35595)FNCa-A1', 4990, '100', '125'),
(33, 52, 'KF-50GW/(50356)Ba-3', 4800, '60', '135');

-- --------------------------------------------------------

--
-- 表的结构 `role`
--

CREATE TABLE IF NOT EXISTS `role` (
  `id` smallint(6) unsigned NOT NULL AUTO_INCREMENT,
  `name` varchar(20) NOT NULL,
  `pid` smallint(6) NOT NULL DEFAULT '3',
  `status` tinyint(1) unsigned DEFAULT NULL,
  `remark` varchar(255) DEFAULT NULL,
  PRIMARY KEY (`id`),
  KEY `pid` (`pid`),
  KEY `status` (`status`)
) ENGINE=MyISAM  DEFAULT CHARSET=utf8 AUTO_INCREMENT=4 ;

--
-- 转存表中的数据 `role`
--

INSERT INTO `role` (`id`, `name`, `pid`, `status`, `remark`) VALUES
(1, 'admin', 3, 1, '超级管理员'),
(2, 'master', 3, 1, '主管'),
(3, '谢爱叶', 3, 1, '主管');

-- --------------------------------------------------------

--
-- 表的结构 `role_user`
--

CREATE TABLE IF NOT EXISTS `role_user` (
  `role_id` mediumint(9) unsigned DEFAULT NULL,
  `user_id` char(32) DEFAULT NULL,
  KEY `group_id` (`role_id`),
  KEY `user_id` (`user_id`)
) ENGINE=MyISAM DEFAULT CHARSET=utf8;

--
-- 转存表中的数据 `role_user`
--

INSERT INTO `role_user` (`role_id`, `user_id`) VALUES
(2, '88'),
(2, '9'),
(2, '0'),
(2, '1'),
(2, '1'),
(2, '0'),
(2, '0'),
(2, '1'),
(2, '1'),
(1, '1'),
(2, '1'),
(3, '0'),
(3, '110'),
(3, '110');

-- --------------------------------------------------------

--
-- 表的结构 `sales_branch`
--

CREATE TABLE IF NOT EXISTS `sales_branch` (
  `branchID` int(16) NOT NULL AUTO_INCREMENT,
  `branchName` varchar(32) NOT NULL,
  `branchAddress` varchar(256) NOT NULL,
  `branchPicName` varchar(16) NOT NULL,
  `branchPicPhone` char(16) NOT NULL,
  `branchCreateDate` datetime NOT NULL,
  `branchType` tinyint(1) unsigned NOT NULL DEFAULT '1',
  PRIMARY KEY (`branchID`)
) ENGINE=InnoDB  DEFAULT CHARSET=utf8 AUTO_INCREMENT=44 ;

--
-- 转存表中的数据 `sales_branch`
--

INSERT INTO `sales_branch` (`branchID`, `branchName`, `branchAddress`, `branchPicName`, `branchPicPhone`, `branchCreateDate`, `branchType`) VALUES
(1, '沃尔玛', '港惠新天地', '王老五', '15555555555', '2016-01-20 00:00:00', 1),
(2, '2043沃尔玛', '龙岗区', '梁伟铅', '13631506377', '2016-01-20 22:38:35', 1),
(3, '苏宁易购', '港惠新天地', '小名', '1545845', '2016-03-05 19:53:08', 1),
(4, '国美', '马庄新天地', '小美', '121212121', '2016-03-06 00:00:00', 1),
(5, '1043沃尔玛', '罗湖区', '梁伟铅', '13631506377', '2016-03-17 00:00:00', 1),
(6, '惠州国美', '惠州', '国美', '11122233344', '2016-03-18 00:00:00', 1),
(7, '1059沃尔玛', '福田区', '梁伟铅', '13631506377', '2016-03-19 00:00:00', 1),
(8, '2701沃尔玛', '罗湖区', '梁伟铅', '13631506377', '2016-03-21 00:00:00', 1),
(9, '3402沃尔玛', '罗湖区', '梁伟铅', '13631506377', '2016-03-21 00:00:00', 1),
(10, '3403沃尔玛', '罗湖区', '梁伟铅', '13631506377', '2016-03-21 00:00:00', 1),
(11, '3404沃尔玛', '南山区', '梁伟铅', '13631506377', '2016-03-21 00:00:00', 1),
(12, '3432沃尔玛', '宝安区', '梁伟铅', '13631506377', '2016-03-21 00:00:00', 1),
(13, '5824沃尔玛', '龙岗区', '梁伟铅', '13631506377', '2016-03-21 00:00:00', 1),
(14, '南头家乐福', '南山区', '庄林鸿', '15815502456', '2016-03-21 00:00:00', 1),
(15, '新洲家乐福', '福田区', '庄林鸿', '15815502456', '2016-03-21 00:00:00', 1),
(16, '梅林家乐福', '福田区', '庄林鸿', '15815502456', '2016-03-21 00:00:00', 1),
(17, '西乡家乐福', '宝安区', '庄林鸿', '15815502456', '2016-03-21 00:00:00', 1),
(18, '中心城家乐福', '福田区', '庄林鸿', '15815502456', '2016-03-21 00:00:00', 1),
(19, '红宝家乐福', '罗湖区', '庄林鸿', '15815502456', '2016-03-21 00:00:00', 1),
(20, '保利家乐福', '南山区', '庄林鸿', '15815502456', '2016-03-21 00:00:00', 1),
(21, '香缤家乐福', '宝安区', '庄林鸿', '15815502456', '2016-03-21 00:00:00', 1),
(22, '宝安万家', '宝安区', '黎光德', '13728608651', '2016-03-21 00:00:00', 1),
(23, '彩田万家', '福田区', '黎光德', '13728608651', '2016-03-21 00:00:00', 1),
(24, '春风万家', '罗湖区', '黎光德', '13728608651', '2016-03-21 00:00:00', 1),
(25, '翠竹万家', '罗湖区', '黎光德', '13728608651', '2016-03-21 00:00:00', 1),
(26, '龙华万家', '宝安区', '黎光德', '13728608651', '2016-03-21 00:00:00', 1),
(27, '龙岗万家', '龙岗区', '黎光德', '13728608651', '2016-03-21 00:00:00', 1),
(28, '益田万家', '福田区', '黎光德', '13728608651', '2016-03-21 00:00:00', 1),
(29, '创业万家', '宝安区', '黎光德', '13728608651', '2016-03-21 00:00:00', 1),
(30, '沙井万家', '宝安区', '黎光德', '13728608651', '2016-03-21 00:00:00', 1),
(31, '南新万家', '南山区', '黎光德', '13728608651', '2016-03-21 00:00:00', 1),
(32, '横岗万家', '龙岗区', '黎光德', '13728608651', '2016-03-21 00:00:00', 1),
(33, '中宏专卖店', '御水豪庭', '黄启勇', '13802871396', '2016-03-29 00:00:00', 1),
(34, '', '', '', '', '2016-03-29 00:00:00', 1),
(35, '惠东沃尔玛', '惠东县', '翟惠青', '13725076644', '2016-03-31 00:00:00', 1),
(36, '淡水沃尔玛', '淡水镇', '翟惠青', '13725076644', '2016-03-31 00:00:00', 1),
(37, '河南岸沃尔玛', '港惠新天地', '翟惠青', '13725076644', '2016-03-31 00:00:00', 1),
(38, '江北万家', '江北区', '翟惠青', '13725076644', '2016-03-31 00:00:00', 1),
(39, '惠州万家', '麦地路', '翟惠青', '13725076644', '2016-03-31 00:00:00', 1),
(40, '', '', '', '', '2016-04-05 00:00:00', 1),
(41, '淡水家乐福', '淡水镇', '翟惠青', '13725076644', '2016-04-09 00:00:00', 1),
(42, '仲恺万家', '仲恺时尚公园', '翟惠青', '13725076644', '2016-04-09 00:00:00', 1),
(43, '江北沃尔玛', '惠城区江北', '翟惠青', '13725076644', '2016-04-15 00:00:00', 1);

-- --------------------------------------------------------

--
-- 表的结构 `sales_information`
--

CREATE TABLE IF NOT EXISTS `sales_information` (
  `salesID` int(16) NOT NULL AUTO_INCREMENT,
  `salesPersonID` varchar(16) NOT NULL,
  `salesBranchID` int(16) NOT NULL,
  `salesClientName` varchar(16) NOT NULL,
  `salesClientPhone` char(16) NOT NULL,
  `salesInvoiceID` varchar(16) DEFAULT NULL,
  `salesClientMail` varchar(32) DEFAULT NULL,
  `salesBuyTime` datetime NOT NULL,
  `salesInstallTime` datetime NOT NULL,
  `salesModelID` varchar(128) NOT NULL,
  `salesCommission` varchar(32) DEFAULT NULL,
  `salesStand` tinyint(1) NOT NULL,
  `salesCashback` tinyint(1) NOT NULL,
  `salesRemark` varchar(256) DEFAULT NULL,
  `salesProductNum` int(4) NOT NULL,
  `salesPersonAddress` varchar(256) NOT NULL,
  `salesPersonTelePhone` varchar(16) DEFAULT NULL,
  `salesStatus` tinyint(1) NOT NULL DEFAULT '0',
  `status` tinyint(4) NOT NULL DEFAULT '1',
  PRIMARY KEY (`salesID`),
  KEY `salesBranchID` (`salesBranchID`),
  KEY `salesModelID` (`salesModelID`)
) ENGINE=InnoDB  DEFAULT CHARSET=utf8 AUTO_INCREMENT=266 ;

--
-- 转存表中的数据 `sales_information`
--

INSERT INTO `sales_information` (`salesID`, `salesPersonID`, `salesBranchID`, `salesClientName`, `salesClientPhone`, `salesInvoiceID`, `salesClientMail`, `salesBuyTime`, `salesInstallTime`, `salesModelID`, `salesCommission`, `salesStand`, `salesCashback`, `salesRemark`, `salesProductNum`, `salesPersonAddress`, `salesPersonTelePhone`, `salesStatus`, `status`) VALUES
(149, '3', 2, '狗哥', '15000000001', '无', '无', '2016-03-09 00:00:00', '2016-03-11 00:00:00', '4', '100', 1, 0, '无', 1, '惠州学院', '无', 1, 1),
(150, '3', 2, '狗哥', '15000000001', '无', '无', '2016-03-09 00:00:00', '2016-03-11 00:00:00', '8', '100', 1, 0, '无', 1, '惠州学院', '无', 1, 1),
(151, '3', 2, '林同学', '15767977777', '无', '无', '2016-03-09 00:00:00', '2016-03-19 00:00:00', '8', '100', 1, 0, '无', 3, '惠州学院计算机系', '无', 1, 1),
(152, '3', 2, '谢同学', '15768650705', '无', '无', '2016-03-09 00:00:00', '2016-03-10 00:00:00', '9', '666', 1, 1, '无', 100, '惠州学院20栋b604', '无', 1, 1),
(153, '3', 2, '小盆友', '15896578', '无', '无', '2016-03-19 00:00:00', '2016-03-25 00:00:00', '4', '100', 1, 1, '无', 100, '广东惠州惠州学院', '无', 1, 1),
(154, '3', 2, '小明明明', '15000007777', '无', '无', '2016-03-11 00:00:00', '2016-03-12 00:00:00', '4', '100', 1, 0, '无', 1, '惠州学院', '无', 1, 1),
(155, '5', 1, '小文', '1234567890', '无', '无', '2016-03-11 00:00:00', '2016-03-12 00:00:00', '4', '100', 0, 0, '无', 2, '会展中心', '无', 1, 1),
(156, '5', 1, '小黎', '5324212', '124', '4321', '2016-03-12 00:00:00', '2016-03-13 00:00:00', '8', '100', 1, 1, '无', 4, '校门', '124', 1, 1),
(157, '5', 1, '小黎', '5324212', '124', '4321', '2016-03-12 00:00:00', '2016-03-13 00:00:00', '4', '100', 1, 1, '无', 4, '校门', '124', 1, 1),
(158, '5', 1, '小黎', '5324212', '124', '4321', '2016-03-12 00:00:00', '2016-03-13 00:00:00', '8', '100', 1, 1, '无', 7, '校门', '124', 1, 1),
(159, '1', 1, '陈chen', '21342143214', '无', '无', '2016-03-02 00:00:00', '2016-03-27 00:00:00', '4', '100', 0, 0, '无', 12, '惠州市区大马庄', '无', 1, 1),
(160, '1', 1, 'liping', '11111111', '无', '无', '2016-03-11 00:00:00', '2016-03-12 00:00:00', '4', '100', 0, 0, '无', 2, '惠州市惠城区hui', '无', 1, 1),
(161, '1', 1, '小小小', '1333234455', '无', '无', '2016-03-11 00:00:00', '2016-03-12 00:00:00', '4', '100', 0, 0, '无', 4, '会展', '无', 1, 1),
(162, '1', 1, '啦啦啦啦啦啦啦啦啦', '545454', '无', '无', '2016-03-11 00:00:00', '2016-03-19 00:00:00', '4', '100', 0, 0, '无', 23, '32432432432', '无', 1, 1),
(163, '1', 1, 'echo', '12321', '无', '无', '2016-03-02 00:00:00', '2016-03-19 00:00:00', '9', '666', 1, 1, '无', 100, '惠州学院18栋32223', '无', 1, 1),
(164, '1', 1, '刘小姐', '28439829048', '无', '无', '2016-03-04 00:00:00', '2016-03-25 00:00:00', '4', '100', 0, 0, '无', 2, '惠州学院18栋32223', '无', 1, 1),
(165, '1', 1, '大大', '4324', '无', '无', '2016-03-01 00:00:00', '2016-03-01 00:00:00', '4', '100', 0, 0, '无', 4, '惠州市区大马庄', '无', 1, 1),
(166, '1', 1, '大大', '4324', '无', '无', '2016-03-31 00:00:00', '2016-03-31 00:00:00', '8', '100', 0, 0, '无', 4, '惠州市区大马庄', '无', 1, 1),
(167, '1', 1, '陈小姐', '3480201816', '无', '无', '2016-03-16 00:00:00', '2016-03-18 00:00:00', '9', '666', 0, 0, '无', 2, '龙华', '无', 1, 1),
(168, '1', 1, '陈小姐', '3480201816', '无', '无', '2016-03-16 00:00:00', '2016-03-18 00:00:00', '8', '100', 0, 0, '无', 2, '龙华', '无', 1, 1),
(169, '1', 1, '陈少', '13480201816', '无', '无', '2016-03-16 00:00:00', '2016-03-17 00:00:00', '4', '100', 0, 0, '无', 2, '深圳龙华', '无', 1, 1),
(170, '1', 1, '陈少', '13480201816', '无', '无', '2016-03-16 00:00:00', '2016-03-17 00:00:00', '8', '100', 0, 0, '无', 1, '深圳龙华', '无', 1, 1),
(171, '3', 2, '许小姐', '123456', '无', '无', '2016-03-17 00:00:00', '2016-03-18 00:00:00', '4', '100', 0, 0, '无', 2, '深圳石岩', '无', 1, 1),
(172, '4', 2, '花0', '13538170269', '无', '无', '2016-03-19 00:00:00', '2016-03-19 00:00:00', '9', '666', 1, 1, '无', 5, '石岩北环路16栋1巷302', '无', 1, 1),
(173, '4', 2, '花', '13538170269', '无', '无', '2016-03-19 00:00:00', '2016-03-19 00:00:00', '4', '100', 1, 1, '无', 1, '北环路19栋1巷', '无', 1, 1),
(174, '4', 2, '花3', '18038170269', '无', '无', '2016-03-19 00:00:00', '2016-03-20 00:00:00', '4', '100', 0, 0, '无', 2, '商会 ', '无', 0, 1),
(175, '4', 2, '花', '123456', '无', '无', '2016-03-19 00:00:00', '2016-03-20 00:00:00', '4', '100', 1, 1, '无', 2, '石岩北环路3栋2巷202', '无', 0, 1),
(176, '5', 2, ' 小', '13138170269', '无', '无', '2016-03-19 00:00:00', '2016-03-20 00:00:00', '9', '666', 1, 1, '无', 2, '石岩街道北环路15栋2巷202', '无', 1, 1),
(177, '5', 2, '小小', '13138170269', '无', '无', '2016-03-19 00:00:00', '2016-03-21 00:00:00', '8', '100', 1, 1, '无', 1, '石岩商会 202', '无', 1, 1),
(178, '5', 2, '烛烛', '13828470369', '无', '无', '2016-03-20 00:00:00', '2016-03-20 00:00:00', '4', '100', 1, 1, '无', 2, '官田股份合作有限公司', '无', 1, 1),
(179, '6', 3, '力力', '1326699325', '无', '无', '2016-03-18 00:00:00', '2016-03-19 00:00:00', '13', '100', 0, 0, '无', 2, '官田股份合作有限公司', '无', 1, 1),
(180, '6', 3, '力大', '13255644856', '无', '无', '2016-03-19 00:00:00', '2016-03-20 00:00:00', '9', '666', 1, 0, '无', 1, '龙华街道办', '无', 1, 1),
(181, '7', 3, '云', '15698668', '无', '无', '2016-03-18 00:00:00', '2016-03-19 00:00:00', '20', '35', 1, 1, '无', 1, '官田村格力空调', '无', 1, 1),
(182, '7', 3, '云', '15698668', '无', '无', '2016-03-18 00:00:00', '2016-03-19 00:00:00', '20', '35', 1, 1, '无', 1, '官田村格力空调', '无', 1, 1),
(183, '7', 3, '粉', '123', '无', '无', '2016-03-18 00:00:00', '2016-03-19 00:00:00', '24', '100', 1, 1, '无', 1, '官田村', '无', 1, 1),
(184, '7', 3, '粉1', '124', '无', '无', '2016-03-18 00:00:00', '2016-03-19 00:00:00', '21', '35', 0, 0, '无', 2, '官田村格力空调', '无', 1, 1),
(185, '7', 3, '粉1', '124', '无', '无', '2016-03-18 00:00:00', '2016-03-19 00:00:00', '17', '30', 0, 0, '无', 2, '官田村格力空调', '无', 1, 1),
(186, '7', 3, '粉3', '125', '无', '无', '2016-03-19 00:00:00', '2016-03-20 00:00:00', '27', NULL, 0, 0, '无', 1, '官田村格力空调', '无', 0, 1),
(187, '7', 3, '粉3', '123', '无', '无', '2016-03-19 00:00:00', '2016-03-20 00:00:00', '20', '35', 0, 0, '无', 1, '官田村格力空调', '无', 1, 1),
(188, '7', 3, '粉3', '123', '无', '无', '2016-03-19 00:00:00', '2016-03-20 00:00:00', '25', '100', 0, 0, '无', 1, '官田村格力空调', '无', 1, 1),
(189, '7', 3, '粉8', '128', '无', '无', '2016-03-18 00:00:00', '2016-03-19 00:00:00', '16', '30', 1, 1, '无', 1, '石岩商会 ', '无', 0, 1),
(190, '7', 3, '粉8', '128', '无', '无', '2016-03-18 00:00:00', '2016-03-19 00:00:00', '25', '100', 1, 1, '无', 1, '石岩商会 ', '无', 0, 1),
(191, '7', 3, '王', '126', '无', '无', '2016-03-19 00:00:00', '2016-03-20 00:00:00', '13', '100', 0, 0, '1', 1, '美丽花园', '无', 0, 1),
(192, '7', 3, '王', '126', '无', '无', '2016-03-19 00:00:00', '2016-03-20 00:00:00', '8', '100', 0, 0, '1', 1, '美丽花园', '无', 0, 1),
(193, '7', 3, '花儿', '888', '无', '无', '2016-03-19 00:00:00', '2016-03-19 00:00:00', '26', NULL, 0, 0, '无', 1, '浪心村委', '无', 0, 1),
(194, '7', 3, '花儿', '888', '无', '无', '2016-03-19 00:00:00', '2016-03-19 00:00:00', '20', '35', 0, 0, '无', 1, '浪心村委', '无', 0, 1),
(195, '7', 3, '花8', '128', '无', '无', '2016-03-18 00:00:00', '2016-03-19 00:00:00', '13', '100', 0, 0, '无', 1, '浪心村委', '无', 0, 1),
(196, '7', 3, '花8', '128', '无', '无', '2016-03-18 00:00:00', '2016-03-19 00:00:00', '25', '100', 0, 0, '无', 1, '浪心村委', '无', 0, 1),
(197, '18007557548', 5, '谢爱叶', '13537546108', '无', '无', '2016-03-18 00:00:00', '2016-03-20 00:00:00', '16', '30', 1, 1, '300', 1, '深圳市宝安区石岩街道径贝工业园A栋三楼', '26794909', 1, 1),
(198, '1', 1, '大明', '28439829048', '无', '无', '2016-03-19 00:00:00', '2016-03-20 00:00:00', '16', '30', 1, 0, '无', 5, '惠州学院18栋', '无', 1, 1),
(199, '1', 1, '大明', '28439829048', '无', '无', '2016-03-19 00:00:00', '2016-03-20 00:00:00', '16', '30', 1, 0, '无', 5, '惠州学院18栋', '无', 1, 1),
(200, '3', 2, '3-19', '3134443214', '无', '无', '2016-03-19 00:00:00', '2016-03-20 00:00:00', '16', '30', 1, 0, '无', 2, '惠州', '无', 1, 1),
(201, '3', 2, '3-19', '3134443214', '无', '无', '2016-03-19 00:00:00', '2016-03-20 00:00:00', '16', '30', 1, 0, '无', 2, '惠州', '无', 1, 1),
(202, '15014068936', 8, '林先生', '13760370236', '无', '无', '2016-03-07 00:00:00', '2016-03-27 00:00:00', '42', '30', 1, 0, '无', 1, '福华新村3栋2单元203', '无', 1, 1),
(203, '15014068936', 8, '蓝先生', '13145806795', '无', '无', '2016-03-06 00:00:00', '2016-03-22 00:00:00', '41', '30', 0, 0, '无', 2, '碧湖花园E3408', '无', 1, 1),
(204, '15014068936', 8, '蓝先生', '13145806795', '无', '无', '2016-03-06 00:00:00', '2016-03-22 00:00:00', '39', '30', 0, 0, '无', 1, '碧湖花园E3408', '无', 1, 1),
(205, '13430456782', 9, '谭小姐', '13510100576', '无', '无', '2016-03-13 00:00:00', '2016-03-22 00:00:00', '39', '30', 1, 0, '无', 1, '石岩湖路口红星村委星湖名居A栋1604', '无', 1, 1),
(206, '13430456782', 9, '谭小姐', '13510100576', '无', '无', '2016-03-13 00:00:00', '2016-03-22 00:00:00', '41', '30', 1, 0, '无', 2, '石岩湖路口红星村委星湖名居A栋1604', '无', 1, 1),
(207, '13430456782', 9, '郭小姐', '18123916099', '无', '无', '2016-03-13 00:00:00', '2016-03-23 00:00:00', '41', '30', 1, 0, '无', 3, '福田区侨香路侨香公馆7栋2701', '无', 1, 1),
(208, '13430456782', 9, '郭小姐', '18123916099', '无', '无', '2016-03-13 00:00:00', '2016-03-23 00:00:00', '50', '100', 1, 0, '无', 1, '福田区侨香路侨香公馆7栋2701', '无', 1, 1),
(209, '13537535821', 11, '段小姐', '15014105058', '无', '无', '2016-03-06 00:00:00', '2016-03-23 00:00:00', '42', '30', 1, 0, '无', 2, '横岗街道天颂雅苑1栋2706', '无', 1, 1),
(210, '13537535821', 11, '段小姐', '15014105058', '无', '无', '2016-03-06 00:00:00', '2016-03-23 00:00:00', '51', '100', 1, 0, '无', 1, '横岗街道天颂雅苑1栋2706', '无', 1, 1),
(211, '13537535821', 11, '叶梅生', '13713902430', '无', '无', '2016-03-13 00:00:00', '2016-03-24 00:00:00', '48', '60', 1, 0, '无', 2, '宝安41区48栋402', '无', 1, 1),
(212, '13537535821', 11, '叶梅生', '13713902430', '无', '无', '2016-03-13 00:00:00', '2016-03-24 00:00:00', '46', '60', 1, 0, '无', 1, '宝安41区48栋402', '无', 1, 1),
(213, '15989592117', 12, '张小姐', '13538280849', '无', '无', '2016-03-13 00:00:00', '2016-03-24 00:00:00', '48', '60', 1, 0, '无', 3, '罗湖区金鼎大厦A座3003房', '无', 1, 1),
(214, '15989592117', 12, '张小姐', '13538280849', '无', '无', '2016-03-13 00:00:00', '2016-03-24 00:00:00', '47', '60', 1, 0, '无', 1, '罗湖区金鼎大厦A座3003房', '无', 1, 1),
(215, '15989592117', 12, '利桂唐', '13902462292', '无', '无', '2016-03-20 00:00:00', '2016-03-22 00:00:00', '51', '100', 1, 0, '无', 3, '宝安区新安街道建安二路雅豪轩4-406', '无', 1, 1),
(216, '15989592117', 12, '利桂唐', '13902462292', '无', '无', '2016-03-20 00:00:00', '2016-03-22 00:00:00', '47', '60', 1, 0, '无', 1, '宝安区新安街道建安二路雅豪轩4-406', '无', 1, 1),
(217, '15989592117', 12, '利桂唐', '13902462292', '无', '无', '2016-03-20 00:00:00', '2016-03-22 00:00:00', '49', '60', 1, 0, '无', 1, '宝安区新安街道建安二路雅豪轩4-406', '无', 1, 1),
(218, '15766168918', 13, '牛先生', '13602664995', '无', '无', '2016-03-20 00:00:00', '2016-03-22 00:00:00', '39', '30', 1, 0, '无', 2, '罗湖锦贝南14栋402', '无', 1, 1),
(219, '15766168918', 13, '牛先生', '13602664995', '无', '无', '2016-03-20 00:00:00', '2016-03-22 00:00:00', '50', '100', 1, 0, '无', 1, '罗湖锦贝南14栋402', '无', 1, 1),
(220, '15766168918', 13, '李先生', '13923421662', '无', '无', '2016-03-21 00:00:00', '2016-03-24 00:00:00', '38', '30', 1, 0, '无', 3, '宝安龙华新区观兰镇泗黎路观湖园C33-201', '无', 1, 1),
(221, '13534235269', 24, '李先生', '15919824620', '无', '无', '2016-02-03 00:00:00', '2016-02-03 00:00:00', '42', '30', 0, 0, '无', 2, '福田区华强北燕南路器材宿舍4单元707A', '无', 1, 1),
(222, '13534235269', 24, '文先生', '13249881718', '无', '无', '2016-02-01 00:00:00', '2016-02-02 00:00:00', '42', '30', 0, 0, '无', 1, '罗湖区建设德兴大厦2座30楼A', '无', 1, 1),
(223, '13715242475', 22, '李小姐', '15209946363', '无', '无', '2016-02-02 00:00:00', '2016-02-03 00:00:00', '39', '30', 0, 0, '无', 1, '龙华', '无', 1, 1),
(224, '13715242475', 22, '李小姐', '15209946363', '无', '无', '2016-02-02 00:00:00', '2016-02-03 00:00:00', '25', '100', 0, 0, '无', 1, '龙华', '无', 1, 1),
(225, '13510151557', 23, '陆先生', '18718273568', '无', '无', '2016-03-02 00:00:00', '2016-03-03 00:00:00', '52', '60', 1, 0, '无', 2, '深圳布吉', '无', 1, 1),
(226, '13510151557', 23, '唐小姐', '13662858505', '无', '无', '2016-03-01 00:00:00', '2016-03-11 00:00:00', '40', '35', 0, 0, '无', 2, '宝安', '无', 1, 1),
(227, '13510151557', 23, '唐小姐', '13662858505', '无', '无', '2016-03-01 00:00:00', '2016-03-11 00:00:00', '21', '35', 0, 0, '无', 2, '宝安', '无', 1, 1),
(228, '13534235269', 24, '肖小姐', '15012977392', '无', '无', '2016-02-29 00:00:00', '2016-02-29 00:00:00', '42', '30', 0, 0, '无', 1, '布吉玉岭花园B-11栋208', '无', 1, 1),
(229, '15766168918', 13, '张三', '13537546108', '无', '无', '2016-03-23 00:00:00', '2016-03-24 00:00:00', '38', '30', 1, 1, '200', 1, '南山区西丽镇新屋村', '22600778', 1, 1),
(230, '15766168918', 13, '张三', '13537546108', '无', '无', '2016-03-23 00:00:00', '2016-03-24 00:00:00', '39', '30', 1, 0, '无', 2, '南山区西丽镇新屋村', '22600778', 1, 1),
(231, '13502574441', 33, '朱小姐', '2731955', '无', '无', '2016-03-27 00:00:00', '2016-03-29 00:00:00', '42', '30', 1, 0, '无', 1, '惠州市仲恺去陈江鑫月城203栋1102', '无', 1, 1),
(232, '13502574441', 33, '朱小姐', '2731955', '无', '无', '2016-03-27 00:00:00', '2016-03-29 00:00:00', '21', '35', 1, 0, '无', 1, '惠州市仲恺去陈江鑫月城203栋1102', '无', 1, 1),
(233, '13502574441', 33, '骆小姐', '13433564652', '无', '无', '2016-03-06 00:00:00', '2016-03-08 00:00:00', '48', '60', 1, 0, '无', 1, '仲恺区惠风一路10号', '无', 1, 1),
(234, '13414736679', 37, '刘', '13414736679', '无', '无', '2016-03-31 00:00:00', '2016-03-31 00:00:00', '42', '30', 1, 0, '无', 1, '惠州', '无', 1, 1),
(235, '15811933736', 38, '姜婷', '15811933736', '无', '无', '2016-03-31 00:00:00', '2016-03-31 00:00:00', '41', '30', 1, 0, '无', 1, '江北', '无', 0, 1),
(236, '15811933736', 38, '姜婷', '15811933736', '无', '无', '2016-03-31 00:00:00', '2016-03-31 00:00:00', '41', '30', 1, 0, '无', 1, '江北', '无', 1, 1),
(237, '13202329029', 35, '测试单', '123456789', '无', '无', '2016-03-31 00:00:00', '2016-04-01 00:00:00', '43', '30', 1, 0, '无', 1, '地址', '无', 1, 1),
(238, '13202329029', 35, '测试单', '123456789', '无', '无', '2016-03-31 00:00:00', '2016-04-01 00:00:00', '43', '30', 1, 0, '无', 1, '地址', '无', 1, 1),
(239, '13414736679', 37, '22', '333', '无', '无', '2016-03-31 00:00:00', '2016-04-21 00:00:00', '43', '30', 1, 0, '无', 2, '44', '无', 1, 1),
(240, '13414736679', 37, '22', '333', '无', '无', '2016-03-31 00:00:00', '2016-04-02 00:00:00', '42', '30', 1, 0, '无', 2, '44', '无', 1, 1),
(241, '13502574441', 33, '李先生', '13502574441', '无', '无', '2016-03-31 00:00:00', '2016-04-05 00:00:00', '38', '30', 1, 0, '无', 1, '惠州市仲恺区惠风西三路', '无', 0, 1),
(242, '13414736679', 37, '00', '11', '无', '无', '2016-03-11 00:00:00', '2016-03-19 00:00:00', '41', '30', 1, 0, '无', 1, '仲恺', '无', 1, 1),
(243, '13414736679', 37, '00', '11', '无', '无', '2016-03-11 00:00:00', '2016-03-19 00:00:00', '42', '30', 1, 0, '无', 1, '仲恺', '无', 1, 1),
(244, '13414736679', 37, '00', '11', '无', '无', '2016-03-11 00:00:00', '2016-03-19 00:00:00', '43', '30', 1, 0, '无', 1, '仲恺', '无', 1, 1),
(245, '13502574441', 33, '李生', '123', '无', '无', '2016-03-01 00:00:00', '2016-03-04 00:00:00', '38', '30', 0, 0, '无', 1, '惠州', '无', 0, 1),
(246, '13414736679', 37, '黄小姐', '13928472149', '无', '无', '2016-04-03 00:00:00', '2016-04-09 00:00:00', '42', '30', 0, 0, '周六上门安装', 1, '仲恺高新区麓湖马德星D栋1305房', '无', 1, 1),
(247, '13414736679', 37, '罗小姐', '13531700933', '无', '无', '2016-04-04 00:00:00', '2016-04-07 00:00:00', '41', '30', 1, 0, '无', 2, '惠州升平苑c座', '无', 1, 1),
(248, '13928398183', 41, '钟小姐', '13622796954', '无', '无', '2016-04-09 00:00:00', '2016-04-11 00:00:00', '42', '30', 1, 0, '无', 1, '淡水钱江花园7栋3单元4楼', '无', 0, 1),
(249, '123', 1, '哈哈', '45454545', '无', '无', '2016-04-08 00:00:00', '2016-04-09 00:00:00', '16', '30', 0, 0, '无', 11, '士大夫士大夫', '无', 1, 1),
(250, '1', 1, '王靓姐', '2222', '无', '无', '2016-04-26 00:00:00', '2016-04-28 00:00:00', '40', '35', 0, 0, '无', 1, '惠州啦啦啦啦啦', '无', 1, 1),
(251, '123', 1, '11111', '111111', '无', '无', '2016-04-26 00:00:00', '2016-04-28 00:00:00', '24', '100', 0, 0, '无', 1, '121121221212', '无', 1, 1),
(252, '123', 1, '测试430', '43043043043', '无', '无', '2016-04-30 00:00:00', '2016-05-01 00:00:00', '45', '100', 0, 0, '无', 1, '河源拉拉', '无', 1, 1),
(253, '123', 1, '测试4301', '430430430431', '无', '无', '2016-04-30 00:00:00', '2016-05-01 00:00:00', '8', '100', 1, 0, '无', 1, '河源哦哦', '无', 1, 1),
(254, '1', 1, '测试52', '525252525', '无', '无', '2016-05-02 00:00:00', '2016-05-03 00:00:00', '8', '100', 0, 0, '无', 1, '河源啦啦啦啦啦', '无', 1, 0),
(255, '1', 1, '测试53', '535353', '无', '无', '2016-05-03 00:00:00', '2016-05-03 00:00:00', '46', '60', 0, 0, '无', 1, '河源呵呵', '无', 1, 1),
(256, '1', 1, '测试532', '532532', '无', '无', '2016-05-03 00:00:00', '2016-05-04 00:00:00', '8', '100', 0, 0, '无', 1, '河源啦啦呵呵', '无', 1, 1),
(257, '1', 1, '测试533', '5333333', '无', '无', '2016-05-03 00:00:00', '2016-05-05 00:00:00', '4', '100', 0, 0, '无', 1, '垃圾都快来减肥', '无', 1, 1),
(258, '13414736679', 37, '邓先生', '13725001821', '无', '无', '2016-05-13 00:00:00', '2016-05-14 00:00:00', '41', '30', 1, 0, '无', 1, '惠州惠泽南苑8栋d座6f', '无', 1, 1),
(259, '13414736679', 37, '邓先生', '13725001821', '无', '无', '2016-05-13 00:00:00', '2016-05-14 00:00:00', '42', '30', 1, 0, '无', 1, '惠州惠泽南苑8栋d座6f', '无', 1, 1),
(260, '13414736679', 37, '卓小姐', '13824227469', '无', '无', '2016-05-13 00:00:00', '2016-07-01 00:00:00', '42', '30', 1, 0, '要7月中旬安装，到时候记得联系顾客', 1, '惠州麦迪新村s9a栋', '无', 1, 1),
(261, '13414736679', 37, '卓小姐', '13680824784', '无', '无', '2016-05-13 00:00:00', '2016-07-01 00:00:00', '42', '30', 1, 0, '暂时不能安装，要7月中旬安装，记得联系', 1, '麦迪新村s9a栋', '无', 1, 1),
(262, '13414736679', 37, '张先生', '13824227469', '无', '无', '2016-05-13 00:00:00', '2016-05-21 00:00:00', '41', '30', 1, 0, '要下周六21号安装', 1, '新时代花园G802', '无', 1, 1),
(263, '13414736679', 37, '邓先生', '13725001821', '无', '无', '2016-05-13 00:00:00', '2016-05-14 00:00:00', '41', '30', 1, 0, '要求14号安装', 1, '惠泽南苑8栋D座6F', '无', 1, 1),
(264, '13414736679', 37, '邓先生', '13725001821', '无', '无', '2016-05-13 00:00:00', '2016-05-14 00:00:00', '42', '30', 1, 0, '要求14号安装', 1, '惠泽南苑8栋D座6F', '无', 1, 1),
(265, '15811933736', 38, '刘先生', '15118965722', '无', '无', '2016-06-07 00:00:00', '2016-06-09 00:00:00', '17', '30', 0, 0, '无', 1, '惠州市惠城区江北新苑22栋西梯901', '18026651649', 1, 1);

-- --------------------------------------------------------

--
-- 表的结构 `user_competence`
--

CREATE TABLE IF NOT EXISTS `user_competence` (
  `competenceID` int(16) NOT NULL AUTO_INCREMENT,
  `competenceName` varchar(32) NOT NULL,
  PRIMARY KEY (`competenceID`)
) ENGINE=InnoDB  DEFAULT CHARSET=utf8 AUTO_INCREMENT=2 ;

--
-- 转存表中的数据 `user_competence`
--

INSERT INTO `user_competence` (`competenceID`, `competenceName`) VALUES
(1, '最终权限');

-- --------------------------------------------------------

--
-- 表的结构 `user_competences`
--

CREATE TABLE IF NOT EXISTS `user_competences` (
  `competencesID` int(16) NOT NULL AUTO_INCREMENT,
  `competencesCompetenceID` int(16) NOT NULL,
  `competencesName` varchar(32) NOT NULL,
  PRIMARY KEY (`competencesID`),
  KEY `competencesCompetenceID` (`competencesCompetenceID`)
) ENGINE=InnoDB  DEFAULT CHARSET=utf8 AUTO_INCREMENT=2 ;

--
-- 转存表中的数据 `user_competences`
--

INSERT INTO `user_competences` (`competencesID`, `competencesCompetenceID`, `competencesName`) VALUES
(1, 1, '一级权限');

-- --------------------------------------------------------

--
-- 表的结构 `user_information`
--

CREATE TABLE IF NOT EXISTS `user_information` (
  `userID` varchar(16) NOT NULL,
  `userName` varchar(16) NOT NULL,
  `userSex` char(4) NOT NULL,
  `userIDCard` char(32) NOT NULL,
  `userPassword` varchar(32) NOT NULL,
  `userEntryTime` datetime NOT NULL,
  `userTypeID` int(16) NOT NULL,
  `userRemark` varchar(256) NOT NULL,
  `userStatus` tinyint(1) unsigned NOT NULL DEFAULT '1',
  `userBranchID` int(16) NOT NULL DEFAULT '0',
  `updateTime` datetime NOT NULL,
  PRIMARY KEY (`userID`),
  UNIQUE KEY `userID` (`userID`),
  KEY `userTypeID` (`userTypeID`)
) ENGINE=InnoDB DEFAULT CHARSET=utf8;

--
-- 转存表中的数据 `user_information`
--

INSERT INTO `user_information` (`userID`, `userName`, `userSex`, `userIDCard`, `userPassword`, `userEntryTime`, `userTypeID`, `userRemark`, `userStatus`, `userBranchID`, `updateTime`) VALUES
(' 13536282050', '骆文剑', '男', '441882198709212412', '37f9f3f581154fff3f20e55ed9c05355', '2016-04-01 00:00:00', 1, '无备注', 1, 42, '2016-04-09 10:14:50'),
('1', 'admin', '男', '445202199999999999', '202cb962ac59075b964b07152d234b70', '2016-01-20 22:04:50', 3, 'no1', 1, 1, '0000-00-00 00:00:00'),
('10', '10', '男', '000000000000000000', 'f899139df5e1059396431415e770c6dd', '2016-03-18 00:00:00', 3, '无备注', 1, 2, '2016-03-18 09:48:38'),
('110', '110', '男', '000000000000000000', '202cb962ac59075b964b07152d234b70', '2016-04-03 00:00:00', 2, '无备注', 1, 3, '2016-04-01 21:07:47'),
('123', '销售测试', '男', '000000000000000000', '202cb962ac59075b964b07152d234b70', '2016-04-09 00:00:00', 1, '无备注', 1, 1, '2016-04-09 11:49:34'),
('13202329029', '叶文锋', '男', '441323199408128513', 'e3443cfb7caa350b1e3919a62511fac6', '2016-04-01 00:00:00', 1, '无备注', 1, 35, '2016-03-31 10:19:49'),
('13413101745', '吴达炫', '男', '441324198511072337', '6e885aa4ce9ff73436939b0083e6120f', '2016-04-01 00:00:00', 1, '无备注', 1, 36, '2016-04-05 13:47:33'),
('13414736679', '刘其威', '男', '441381199111176614', '0bcf41deaf4a411008c505c321c36385', '2016-04-01 00:00:00', 1, '无备注', 1, 37, '2016-03-31 10:24:17'),
('13430456782', '何笋根', '男', '360502198704067114', '538ef058b875e71fe360deccb17140bd', '2016-03-25 00:00:00', 1, '无备注', 1, 9, '2016-03-21 11:33:57'),
('13502574441', '梁希萍', '女', '000000000000000000', '51a472c08e21aef54ed749806e3e6490', '2016-03-29 00:00:00', 1, '无备注', 1, 33, '2016-03-29 11:30:42'),
('13510151557', '胡晶', '女', '432522197907216432', '312e8064b632847f9362e3babec0f4ac', '2016-04-01 00:00:00', 1, '无备注', 1, 23, '2016-03-21 11:53:55'),
('13534235269', '龚志勇', '男', '36050219890416711X', 'd13f9e4bd69f3a07d5e3f08f9547fe40', '2016-04-01 00:00:00', 1, '无备注', 1, 24, '2016-03-21 11:55:47'),
('13536282050', ' 骆文剑', '男', ' 441882198709212412', 'c5c07c30fe9a25923c6178c1198e048a', '2016-04-01 00:00:00', 1, '无备注', 1, 42, '2016-04-09 12:26:11'),
('13537535821', '李惠贞', '女', '440621196601271062', 'b94d410ed4e0272423576deb718af08f', '2016-03-25 00:00:00', 1, '无备注', 1, 11, '2016-03-21 12:42:29'),
('13554716004', '许舒婷', '女', '000000000000000000', '5dfafa2be7488778200dc582af8c423f', '2016-03-06 00:00:00', 3, '无备注', 1, 2, '2016-03-21 11:28:16'),
('13556815407', '苟邦平', '男', '513002198511094152', 'baf019a48f334742ca8bcdbb524872cb', '2016-04-01 00:00:00', 1, '无备注', 1, 17, '2016-03-21 11:50:00'),
('13590352895', '何东生', '男', '430404197810024537', '27340e8411b1e49bb1faad8bb29423de', '2016-04-01 00:00:00', 1, '无备注', 1, 26, '2016-03-21 11:59:23'),
('13632580861', '谢敏亮', '男', '360502198612267178', '3a0b67619265cd663a0f9da73937a4df', '2016-04-01 00:00:00', 1, '无备注', 1, 19, '2016-03-21 11:48:04'),
('13632834345', '郑元洪', '男', '440301199003027512', '4b68b2e2955c65019a70c32cd9056bf2', '2016-04-01 00:00:00', 1, '无备注', 1, 25, '2016-03-21 11:57:31'),
('13715242475', '王益旋', '女', '445222198309103334', '38001e44d8def4100cca5a9bd9f6ddd7', '2016-04-01 00:00:00', 1, '无备注', 1, 22, '2016-03-21 11:51:57'),
('13724237047', '白玲玉', '女', '230223199603153022', '1fe861ebb50e8e464dc6579a8e52376b', '2016-04-01 00:00:00', 1, '无备注', 1, 27, '2016-03-21 12:00:59'),
('13928398183', '邹宇锋 ', '男', '441622199312283711', '3bd78753c0619075b9e4d8aaa5833f6a', '2016-04-01 00:00:00', 1, '无备注', 1, 41, '2016-04-09 10:33:53'),
('15014068936', '刘艳梅', '女', '362430198703186383', '320626d876530c4fd38f5c62532264b7', '2016-03-25 00:00:00', 1, '无备注', 1, 8, '2016-03-21 09:40:09'),
('15702099064', '张思影', '女', '000000000000000000', '110b3bde9e89b711a78b0f11e95c2d18', '2016-03-06 00:00:00', 3, '无备注', 1, 2, '2016-03-21 11:40:20'),
('15766168918', '邹亮华', '男', '360502198612037137', '0aea29b678c709bd687b7cabd0e76b85', '2016-04-01 00:00:00', 1, '无备注', 1, 13, '2016-03-21 11:41:59'),
('15767979701', '李平', '男', '000000000000000000', '202cb962ac59075b964b07152d234b70', '2016-05-03 00:00:00', 2, '无备注', 1, 1, '2016-05-03 00:32:18'),
('15811933736', '姜  婷', '女', '420811998807070987', '9a6c4bdc7d86e567fdd6e02e4251c752', '2016-04-01 00:00:00', 1, '无备注', 1, 38, '2016-03-31 10:25:49'),
('15899545036', '何慧雪', '女', '522722198509101629', 'ecbccc4e4ac6bf02d1af19b6ae5e9194', '2016-04-01 00:00:00', 1, '无备注', 1, 39, '2016-03-31 10:28:18'),
('15914050608', '杨成', '男', '44032219870101259X', '80ed503def1ab7386e0411a770803290', '2016-04-01 00:00:00', 1, '无备注', 1, 28, '2016-03-21 12:02:44'),
('15976142085', '邓丽玲', '女', '000000000000000000', '91b583e43167e927acb187ea6fee5281', '2016-01-01 00:00:00', 2, '无备注', 1, 14, '2016-03-29 14:32:52'),
('15989592117', '李林', '男', '430426199008157253', '34be811afe610c25ab00ef08988ad39a', '2016-03-25 00:00:00', 1, '无备注', 1, 12, '2016-03-21 11:39:09'),
('18007557548', '黄苑柏', '男', '441723198401145991', '21218cca77804d2ba1922c33e0151105', '2016-03-10 00:00:00', 1, '无备注', 0, 5, '2016-03-19 10:23:03'),
('18566629060', '郭景伦', '男', '410721199009143516', '34fbc2fcd08a22e88b60cfc74350a1a2', '2016-04-01 00:00:00', 1, '无备注', 1, 14, '2016-03-21 11:44:38'),
('18719280602', '徐明武', '男', '430621197411120530', 'bb974fc76689230d602d0502ff97ed7a', '2016-04-01 00:00:00', 1, '无备注', 1, 15, '2016-03-21 11:46:27'),
('18923603383', '刘彩华', '女', '441625198206225416', '6c947444ca04420ea8e4f32eac486fc9', '2016-04-01 00:00:00', 1, '无备注', 1, 43, '2016-04-15 14:27:05'),
('2', 'echo', '男', '445202199999999999', '202cb962ac59075b964b07152d234b70', '2016-01-20 22:04:50', 2, 'no', 0, 1, '2016-03-09 19:00:23'),
('2147483647', '黄苑柏', '男', '441723198401145991', '08746d3c3cb04eaa70230986c82d39cc', '2016-03-09 00:00:00', 1, '无备注', 0, 5, '2016-03-17 14:37:50'),
('23127558', '宏龙家用电器', '男', '000000000000000000', '625021f0f4dd08fdcc347b681d1521cf', '2016-03-01 00:00:00', 2, '无备注', 1, 11, '2016-03-21 17:21:55'),
('26465053', '全顺电器', '男', '000000000000000000', 'f039427059fbbe2140a3f470233fe2c9', '2016-03-01 00:00:00', 2, '无备注', 1, 7, '2016-03-21 16:42:35'),
('26784182', '千嘉顺电器', '男', '000000000000000000', 'c83f02906c3b53c0d6ddcad70526bc98', '2016-03-01 00:00:00', 2, '无备注', 1, 6, '2016-03-21 17:22:27'),
('2770717', '梁卫民', '男', '000000000000000000', '978ac42a3df941cb68bc7592dc5fd52a', '2016-01-01 00:00:00', 2, '无备注', 1, 13, '2016-03-29 11:54:51'),
('27794703', '威业电器', '男', '000000000000000000', '9421a86c621264c6aebcd2699367f09a', '2016-03-01 00:00:00', 2, '无备注', 1, 10, '2016-03-21 17:22:56'),
('28284081', '环亚家电', '男', '000000000000000000', '1bc1a23ec5c93bea9ed7ca2905dfdfb9', '2016-03-01 00:00:00', 2, '无备注', 1, 9, '2016-03-21 17:23:22'),
('28701534', '百进电器', '男', '000000000000000000', 'bbabe13f7644d7a98689b56535d14efb', '2016-03-01 00:00:00', 2, '无备注', 1, 12, '2016-03-21 17:23:55'),
('3', 'laofei', '男', '000000000000000000', '202cb962ac59075b964b07152d234b70', '2016-03-01 00:00:00', 1, '无备注', 0, 2, '0000-00-00 00:00:00'),
('3386873', '李富生', '男', '000000000000000000', '35ee2efb85686fd02001b224481a53ee', '2016-01-01 00:00:00', 2, '无备注', 1, 15, '2016-03-31 16:39:20'),
('34324', '432432', '男', '000000000000000000', 'f569c3d708a7558b3049d2896d2b6ce1', '2016-03-18 00:00:00', 1, '无备注', 0, 6, '2016-03-18 19:00:20'),
('4', '4', '男', '000000000000000000', '550a141f12de6341fba65b0ad0433500', '2016-03-18 00:00:00', 1, '无备注', 0, 2, '2016-03-18 09:44:55'),
('5', '5', '男', '000000000000000000', 'bcbe3365e6ac95ea2c0343a2395834dd', '2016-03-18 00:00:00', 1, '无备注', 0, 2, '2016-03-18 09:45:35'),
('6', '6', '男', '000000000000000000', 'fae0b27c451c728867a567e8c1bb4e53', '2016-03-18 00:00:00', 1, '无备注', 0, 3, '2016-03-18 09:46:14'),
('7', '7', '男', '000000000000000000', 'f1c1592588411002af340cbaedd6fc33', '2016-03-18 00:00:00', 1, '无备注', 0, 3, '2016-03-18 09:46:50'),
('8', '8', '男', '000000000000000000', '0a113ef6b61820daa5611c870ed8d5ee', '2016-03-18 00:00:00', 2, '无备注', 0, 1, '2016-03-18 09:47:26'),
('85225139', '佳利鸿机电', '男', '000000000000000000', '1846f61ef274bc48ea664823c2a74396', '2016-03-01 00:00:00', 2, '无备注', 1, 8, '2016-03-21 17:24:23'),
('86653626', '中安电器', '男', '000000000000000000', 'fefc4d79fb4a53d338e1562a1209015b', '2016-03-01 00:00:00', 2, '无备注', 1, 4, '2016-03-21 17:24:46'),
('88', 'master', '男', '445202199999999999', '202cb962ac59075b964b07152d234b70', '2016-01-20 22:04:50', 3, 'no1', 0, 2, '2016-03-09 19:00:55'),
('89970000', '谭家林', '男', '000000000000000000', 'b52b6922ec98c6be33e6a6c1bef0de9e', '2016-03-01 00:00:00', 2, '无备注', 0, 3, '2016-03-21 14:38:18'),
('89977900', '美佳电器', '男', '000000000000000000', '202cb962ac59075b964b07152d234b70', '2016-03-05 00:00:00', 2, '无备注', 1, 3, '2016-03-21 13:54:45'),
('9', '9', '男', '000000000000000000', 'b706835de79a2b4e80506f582af3676a', '2016-03-18 00:00:00', 2, '无备注', 0, 2, '2016-03-18 09:48:00');

-- --------------------------------------------------------

--
-- 表的结构 `user_type`
--

CREATE TABLE IF NOT EXISTS `user_type` (
  `typeID` int(16) NOT NULL AUTO_INCREMENT,
  `typeName` varchar(32) NOT NULL,
  `typeCompetenceID` int(16) NOT NULL,
  `typeSaleBranchID` int(16) NOT NULL,
  PRIMARY KEY (`typeID`),
  KEY `typeSaleBranchID` (`typeSaleBranchID`),
  KEY `typeCompetenceID` (`typeCompetenceID`)
) ENGINE=InnoDB  DEFAULT CHARSET=utf8 AUTO_INCREMENT=4 ;

--
-- 转存表中的数据 `user_type`
--

INSERT INTO `user_type` (`typeID`, `typeName`, `typeCompetenceID`, `typeSaleBranchID`) VALUES
(1, '销售', 1, 1),
(2, '安装', 1, 1),
(3, '后台', 1, 1);

--
-- 限制导出的表
--

--
-- 限制表 `install_information`
--
ALTER TABLE `install_information`
  ADD CONSTRAINT `install_information_ibfk_1` FOREIGN KEY (`installSalesID`) REFERENCES `sales_information` (`salesID`),
  ADD CONSTRAINT `install_information_ibfk_2` FOREIGN KEY (`installBranchID`) REFERENCES `install_branch` (`branchID`);

--
-- 限制表 `user_competences`
--
ALTER TABLE `user_competences`
  ADD CONSTRAINT `user_competences_ibfk_1` FOREIGN KEY (`competencesCompetenceID`) REFERENCES `user_competence` (`competenceID`);

--
-- 限制表 `user_information`
--
ALTER TABLE `user_information`
  ADD CONSTRAINT `user_information_ibfk_1` FOREIGN KEY (`userTypeID`) REFERENCES `user_type` (`typeID`);

--
-- 限制表 `user_type`
--
ALTER TABLE `user_type`
  ADD CONSTRAINT `user_type_ibfk_2` FOREIGN KEY (`typeSaleBranchID`) REFERENCES `sales_branch` (`branchID`),
  ADD CONSTRAINT `user_type_ibfk_3` FOREIGN KEY (`typeCompetenceID`) REFERENCES `user_competences` (`competencesID`);

/*!40101 SET CHARACTER_SET_CLIENT=@OLD_CHARACTER_SET_CLIENT */;
/*!40101 SET CHARACTER_SET_RESULTS=@OLD_CHARACTER_SET_RESULTS */;
/*!40101 SET COLLATION_CONNECTION=@OLD_COLLATION_CONNECTION */;
